-- MySQL dump 10.13  Distrib 5.5.23, for debian-linux-gnu (x86_64)
--
-- Host: localhost    Database: cw
-- ------------------------------------------------------
-- Server version	5.5.23-2

/*!40101 SET @OLD_CHARACTER_SET_CLIENT=@@CHARACTER_SET_CLIENT */;
/*!40101 SET @OLD_CHARACTER_SET_RESULTS=@@CHARACTER_SET_RESULTS */;
/*!40101 SET @OLD_COLLATION_CONNECTION=@@COLLATION_CONNECTION */;
/*!40101 SET NAMES utf8 */;
/*!40103 SET @OLD_TIME_ZONE=@@TIME_ZONE */;
/*!40103 SET TIME_ZONE='+00:00' */;
/*!40014 SET @OLD_UNIQUE_CHECKS=@@UNIQUE_CHECKS, UNIQUE_CHECKS=0 */;
/*!40014 SET @OLD_FOREIGN_KEY_CHECKS=@@FOREIGN_KEY_CHECKS, FOREIGN_KEY_CHECKS=0 */;
/*!40101 SET @OLD_SQL_MODE=@@SQL_MODE, SQL_MODE='NO_AUTO_VALUE_ON_ZERO' */;
/*!40111 SET @OLD_SQL_NOTES=@@SQL_NOTES, SQL_NOTES=0 */;

--
-- Table structure for table `alliance`
--

DROP TABLE IF EXISTS `alliance`;
/*!40101 SET @saved_cs_client     = @@character_set_client */;
/*!40101 SET character_set_client = utf8 */;
CREATE TABLE `alliance` (
  `sender` varchar(25) DEFAULT NULL,
  `ally` varchar(25) DEFAULT NULL
) ENGINE=InnoDB DEFAULT CHARSET=latin1;
/*!40101 SET character_set_client = @saved_cs_client */;

--
-- Dumping data for table `alliance`
--

LOCK TABLES `alliance` WRITE;
/*!40000 ALTER TABLE `alliance` DISABLE KEYS */;
INSERT INTO `alliance` VALUES ('cef command','jagdcrab'),('cef command','blackfire'),('cef command','multitallented'),('doktor totenkopf','mista_whizzard'),('doktor totenkopf','dhbna'),('mista_whizzard','doktor totenkopf'),('mista_whizzard','dhbna'),('mista_whizzard','wm command'),('mista_whizzard','samson'),('wm command','mista_whizzard'),('samson','mista_whizzard'),('samson','hrunting'),('vas79','themagician'),('themagician','vas79'),('hrunting','samson'),('hrunting','blackfire'),('cef command','samson'),('jerous','cef command'),('cef command','jerous'),('mista_whizzard','hrunting'),('iridin','themagician'),('themagician','iridin'),('mista_whizzard','blackfire'),('mista_whizzard','jagdcrab'),('doktor totenkopf','samson'),('doktor totenkopf','hrunting'),('doktor totenkopf','wm command'),('cef command','doktor totenkopf'),('doktor totenkopf','jagdcrab'),('iridin','vas79'),('vas79','iridin'),('greatzen','themagician'),('blackfire','hrunting'),('greatzen','iridin'),('iridin','greatzen'),('wm command','dhbna'),('cef command','mufasa'),('themagician','greatzen'),('wm command','doktor totenkopf'),('mufasa','cef command'),('greatzen','vas79'),('samson','doktor totenkopf'),('mista_whizzard','cef command'),('iridin','mausgmr'),('mausgmr','iridin'),('mech79','c0vvb3ll'),('c0vvb3ll','mech79'),('mech79','multitallented'),('themagician','cef command'),('cef command','themagician'),('murzao','hrunting'),('murzao','samson'),('samson','murzao'),('cef command','mech79'),('cef command','iridin'),('antares','khavi vetali'),('crazyhorse','3rdworld'),('khavi vetali','antares'),('3rdworld','crazyhorse'),('khavi vetali','dankith'),('dankith','khavi vetali'),('dankith','vas79'),('vas79','dankith'),('mech79','dankith'),('dankith','mech79'),('crazyhorse','dankith'),('dankith','crazyhorse'),('3rdworld','gman129'),('gman129','3rdworld'),('greyghosts','deadfire'),('hrunting','gman129'),('m4rti','hrunting'),('gman129','hrunting'),('hrunting','m4rti'),('3rdworld','blackstoneknights'),('blackstoneknights','3rdworld'),('3rdworld','aylward'),('aylward','3rdworld'),('aylward','blackstoneknights'),('blackstoneknights','aylward'),('3rdworld','blackwindlancers'),('3rdworld','deadfire'),('3rdworld','canuck307'),('blackwindlancers','canuck307'),('blackwindlancers','3rdworld'),('aylward','talkpolite'),('talkpolite','aylward'),('talkpolite','canuck307'),('khavi vetali','3rdworld'),('khavi vetali','krazypoloc'),('dankith','hrunting'),('hrunting','dankith'),('khavi vetali','hrunting'),('m4rti','dankith'),('dankith','m4rti'),('canuck307','talkpolite'),('blackwindlancers','krazypoloc'),('aylward','kwea'),('kwea','aylward'),('khavi vetali','kwea'),('kwea','talkpolite'),('talkpolite','kwea'),('deadfire','greyghosts'),('deadfire','canuck307'),('deadfire','3rdworld'),('3rdworld','cef command'),('cef command','3rdworld'),('dankith','kwea'),('deadfire','blackwindlancers'),('kwea','dankith'),('kwea','khavi vetali'),('talkpolite','antares'),('antares','talkpolite'),('kwea','antares'),('antares','kwea'),('canuck307','3rdworld'),('canuck307','deadfire'),('hrunting','khavi vetali'),('hrunting','blackstoneknights'),('m4rti','blackwindlancers'),('m4rti','cef command'),('m4rti','vas79'),('vas79','m4rti'),('krazypoloc','blackwindlancers'),('blackwindlancers','m4rti'),('crazyhorse','will hellfire'),('will hellfire','crazyhorse'),('3rdworld','will hellfire'),('will hellfire','3rdworld'),('will hellfire','blackstoneknights'),('aylward','crazyhorse'),('crazyhorse','aylward'),('will hellfire','aylward'),('aylward','will hellfire'),('djo_maverick','crazyhorse'),('mech79','hrunting'),('aylward','longbowman'),('cef command','m4rti'),('aylward','djo_maverick'),('hrunting','mech79'),('kwea','longbowman'),('longbowman','kwea'),('crazyhorse','djo_maverick'),('blackwindlancers','will hellfire'),('will hellfire','blackwindlancers'),('aylward','shadowwolf jerricho'),('longbowman','aylward'),('mech79','vas79'),('vas79','mech79'),('dankith','djo_maverick'),('mech79','djo_maverick'),('djo_maverick','dankith'),('djo_maverick','mech79'),('mech79','khavi vetali'),('khavi vetali','djo_maverick'),('djo_maverick','khavi vetali'),('khavi vetali','mech79'),('khavi vetali','vas79'),('kwea','vas79'),('kwea','djo_maverick'),('kwea','mech79'),('shadowwolf jerricho','aylward');
/*!40000 ALTER TABLE `alliance` ENABLE KEYS */;
UNLOCK TABLES;

--
-- Table structure for table `dropship`
--

DROP TABLE IF EXISTS `dropship`;
/*!40101 SET @saved_cs_client     = @@character_set_client */;
/*!40101 SET character_set_client = utf8 */;
CREATE TABLE `dropship` (
  `dropship_id` int(11) NOT NULL AUTO_INCREMENT,
  `owner` varchar(25) NOT NULL,
  `planet_name` varchar(50) DEFAULT NULL,
  `capacity` int(11) DEFAULT NULL,
  `last_move` timestamp NULL DEFAULT NULL,
  `dropship_name` varchar(100) DEFAULT NULL,
  PRIMARY KEY (`dropship_id`)
) ENGINE=InnoDB AUTO_INCREMENT=190 DEFAULT CHARSET=latin1;
/*!40101 SET character_set_client = @saved_cs_client */;

--
-- Dumping data for table `dropship`
--

LOCK TABLES `dropship` WRITE;
/*!40000 ALTER TABLE `dropship` DISABLE KEYS */;
INSERT INTO `dropship` VALUES (131,'dankith','kempten',28,'2013-11-28 04:00:27','28'),(132,'krazypoloc','shiloh',28,'2013-11-27 18:15:09',NULL),(133,'3rdworld','chaffee',28,'2013-11-24 04:59:08','The Vengeance of Kentares'),(134,'antares','elissa',52,'2013-11-25 00:16:18',NULL),(135,'cef command','franklin',16,'2013-11-28 12:23:19','1CMB Lancers'),(136,'cef command','matsuida',16,'2013-11-28 12:20:44','Royal Rifles'),(137,'cef command','mararn',16,'2013-11-28 12:21:59','1CMB Gun-Jumpers'),(138,'crazyhorse','marlowes rift',28,'2013-11-13 23:20:18',NULL),(139,'crazyhorse','benjamin',28,'2013-11-28 06:45:10',NULL),(140,'mech79','memmingen',16,'2013-11-28 04:55:34','Zeus'),(141,'mech79','maule',28,'2013-11-28 04:55:01','Silver Bullet'),(142,'3rdworld','carstairs',16,'2013-11-27 05:55:10','Strikeship Parazonium'),(143,'vas79','itabaiana',16,'2013-11-25 00:24:48','Red Horse'),(144,'vas79','itabaiana',16,'2013-11-27 06:10:42','Harbinger of Death'),(145,'deadfire','donegal',16,'2013-11-26 21:36:19','Amity'),(146,'deadfire','donegal',16,'2013-11-26 21:36:23','Charon'),(147,'deadfire','donegal',16,'2013-11-26 21:37:09','Legacy'),(150,'canuck307','dustball',28,'2013-11-14 06:34:32',NULL),(151,'canuck307','dustball',28,'2013-11-14 06:34:23',NULL),(152,'khavi vetali','carstairs',28,'2013-11-28 07:14:28','Harbinger'),(153,'khavi vetali','gram',28,'2013-11-28 07:14:59','Sentinel'),(154,'dankith','shirotori',16,'2013-11-27 03:56:35','16'),(155,'hrunting','chaffee',28,'2013-11-22 22:07:20',NULL),(156,'antares','elissa',28,'2013-11-18 02:05:40',NULL),(157,'gman129','milton',28,'2013-11-20 04:30:45',NULL),(158,'gman129','milton',28,'2013-11-20 15:58:37',NULL),(159,'3rdworld','smolnik',16,'2013-11-25 05:05:46','Strikeship Claymore'),(160,'antares','elissa',16,'2013-11-02 15:15:10',NULL),(161,'m4rti','hainfield',28,'2013-11-28 07:54:20',NULL),(162,'m4rti','peacock',28,'2013-11-28 07:52:59',''),(163,'blackstoneknights','second try',28,'2013-11-06 16:33:24',NULL),(164,'blackstoneknights','emerson',28,'2013-11-20 20:01:38',NULL),(165,'aylward','menkar',28,'2013-11-28 04:53:11','HeadHunters 1'),(166,'aylward','scudder',28,'2013-11-28 05:29:50','Addicks Folly'),(167,'hrunting','smolnik',16,'2013-11-27 23:59:33',NULL),(168,'blackwindlancers','lee',28,'2013-11-28 06:57:11',NULL),(169,'talkpolite','dukambia',16,'2013-11-27 09:55:11','The Bearded Lady'),(170,'talkpolite','charhar',16,'2013-11-16 21:24:21','Babylon V'),(171,'talkpolite','dukambia',16,'2013-11-27 09:55:05','Commando Orgy House'),(174,'3rdworld','hyde',16,'2013-11-28 06:48:31','Strikeship Rapier'),(175,'bongfu','holmsbu',52,'0000-00-00 00:00:00',NULL),(176,'blackwindlancers','second try',28,'2013-11-16 05:52:19',NULL),(177,'kwea','tamar',28,'2013-11-28 09:40:58','Valar morghulis'),(178,'kwea','memmingen',28,'2013-11-28 09:41:18','Widowmaker'),(179,'deadfire','donegal',16,'2013-11-26 21:37:18','Victory'),(180,'blackwindlancers','atlas',16,'2013-11-28 06:49:42','Transporter'),(181,'will hellfire','biham',28,'2013-11-28 01:04:23','Wakizashi'),(182,'will hellfire','mira',28,'2013-11-28 01:05:15','Katana'),(183,'djo_maverick','yumesta',28,'2013-11-27 04:04:04',NULL),(184,'longbowman','mordialloc',28,'0000-00-00 00:00:00',NULL),(186,'3rdworld','terra firma',16,'2013-11-28 05:55:45','Strikeship Gladius'),(187,'shadowwolf jerricho','monhegan',28,'0000-00-00 00:00:00',NULL),(188,'shadowwolf jerricho','monhegan',28,'0000-00-00 00:00:00','Coyote Remembered'),(189,'djo_maverick','koumi',16,'2013-11-27 04:24:18',NULL);
/*!40000 ALTER TABLE `dropship` ENABLE KEYS */;
UNLOCK TABLES;

--
-- Table structure for table `market`
--

DROP TABLE IF EXISTS `market`;
/*!40101 SET @saved_cs_client     = @@character_set_client */;
/*!40101 SET character_set_client = utf8 */;
CREATE TABLE `market` (
  `mech` varchar(10) NOT NULL,
  `base_price` int(11) NOT NULL,
  `volatility` decimal(11,2) DEFAULT NULL,
  `buy` int(11) NOT NULL,
  `tons` int(4) NOT NULL,
  `gold` tinyint(1) DEFAULT '0'
) ENGINE=InnoDB DEFAULT CHARSET=latin1;
/*!40101 SET character_set_client = @saved_cs_client */;

--
-- Dumping data for table `market`
--

LOCK TABLES `market` WRITE;
/*!40000 ALTER TABLE `market` DISABLE KEYS */;
INSERT INTO `market` VALUES ('COM-1D',872263,1.00,8,25,0),('COM-1B',859392,0.95,6,25,0),('COM-3A',909476,1.25,4,25,0),('COM-DK',1499846,0.70,3,25,1),('COM-2D',1781542,0.55,6,25,0),('SDR-5V',1299270,1.70,5,30,0),('SDR-5K',2052540,1.50,9,30,0),('SDR-5D',2533540,1.25,37,30,0),('JR7-D',3784548,1.35,37,35,0),('JR7-F',3393066,1.45,59,35,0),('JR7-K',2863927,1.35,39,35,0),('RVN-2X',2389573,1.50,3,35,0),('RVN-4X',2520666,1.25,7,35,0),('RVN-3L',4862992,0.75,21,35,0),('CDA-2A',3194944,0.90,12,40,0),('CDA-2B',3182436,0.90,6,40,0),('CDA-3C',2885739,1.65,5,40,0),('CDA-3M',6097444,0.60,14,40,0),('CDA-X5',3174923,1.20,11,40,1),('BJ-1',3385436,1.20,16,45,0),('BJ-1DC',2347828,1.10,7,45,0),('BJ-1X',3144528,0.85,3,45,0),('BJ-3',4000461,1.55,1,45,0),('CN9-A',4197080,1.55,25,50,0),('CN9-AL',3552238,1.20,20,50,0),('CN9-D',6158590,0.50,10,50,0),('CN9-YLW',4829827,0.70,21,50,1),('HBK-4G',3694490,1.05,11,50,0),('HBK-4H',3646484,1.10,9,50,0),('HBK-4J',3778604,1.20,2,50,0),('HBK-4P',3594484,1.05,20,50,0),('HBK-4SP',3632484,1.15,22,50,0),('TBT-3C',4503816,1.60,1,50,0),('TBT-5J',4186745,1.05,3,50,0),('TBT-5N',4186745,1.70,3,50,0),('TBT-7K',3867177,1.15,9,50,0),('TBT-7M',5623797,0.80,2,50,0),('KTO-18',4474807,0.85,20,55,0),('KTO-19',4589395,1.00,12,55,0),('KTO-20',4697395,0.90,8,55,0),('KTO-BOY',4402988,1.10,10,55,1),('DGN-1C',4745200,1.35,3,60,0),('DGN-1N',4827559,1.75,1,60,0),('DGN-5N',5097559,1.55,2,60,0),('DGN-FA',5082843,1.70,0,60,0),('DGN-FL',5502987,1.55,2,60,0),('QKD-4G',5377467,1.35,3,60,0),('QKD-4H',5337467,0.80,6,60,0),('QKD-5K',5578867,0.90,7,60,0),('CPLT-A1',5564279,0.70,11,65,0),('CPLT-C1',5804127,1.00,11,65,0),('CPLT-C4',5869247,1.50,1,65,0),('CPLT-K2',5304023,0.95,27,65,0),('JM6-A',5473070,0.70,7,65,0),('JM6-DD',7513253,1.00,11,65,0),('JM6-FB',6828398,1.00,6,65,1),('JM6-S',5201918,0.75,24,65,0),('CTF-1X',5950963,1.20,9,70,0),('CTF-2X',5755995,1.10,11,70,0),('CTF-3D',9881953,1.25,37,70,0),('CTF-4X',5229289,0.60,11,70,0),('CTF-IM',6382984,0.55,12,70,1),('ON1-PR',7349298,0.95,4,75,1),('ON1-K',6510685,1.15,13,75,0),('ON1-M',7715293,1.65,2,75,0),('ON1-V',6628263,1.40,7,75,0),('ON1-VA',6247565,1.60,2,75,0),('AWS-8Q',6764270,1.70,3,80,0),('AWS-8R',6524390,1.60,1,80,0),('AWS-8T',6704390,1.75,0,80,0),('AWS-8V',6574390,1.80,2,80,0),('AWS-9M',8534582,1.80,3,80,0),('AWS-PB',8529038,1.80,3,80,1),('VTR-9B',7410423,1.30,24,80,0),('VTR-9K',7710430,1.15,6,80,0),('VTR-9S',7440407,1.35,23,80,0),('VTR-DS',7918378,0.80,6,80,1),('STK-3F',7618480,0.75,12,85,0),('STK-3H',7818480,1.60,4,85,0),('STK-4N',7412420,1.55,2,85,0),('STK-5M',8064616,1.05,10,85,0),('STK-5S',8921480,1.25,4,85,0),('STK-M',9281997,0.50,13,85,1),('HGN-732',9032840,1.20,21,90,0),('HGN-733P',8520422,1.60,8,90,0),('HGN-733',8504422,0.80,10,90,0),('HGN-733C',9155368,1.60,49,90,0),('HGN-HM',8621039,1.20,17,90,1),('AS7-BH',10495728,0.90,6,100,1),('AS7-D',9676072,1.45,23,100,0),('AS7-D-DC',10986012,1.50,34,100,0),('AS7-K',11691066,1.30,9,100,0),('AS7-RS',9358066,0.65,17,100,0),('LCT-1V',1388242,1.30,6,20,0),('LCT-3M',2277326,0.75,8,20,0),('LCT-3S',1589282,1.40,3,20,0),('SHD-2D2',4729388,1.10,36,55,1),('SHD-2H',4549382,1.15,32,55,1),('SHD-5M',4662939,1.15,25,55,1),('TDR-5S',5583922,0.95,8,65,1),('TDR-5SS',5553829,1.00,11,65,1),('TDR-9SE',5293947,1.05,9,65,1),('BLR-1D',7738298,1.05,8,85,1),('BLR-1G',7928378,1.25,16,85,1),('BLR-1S',7892324,1.05,11,85,1),('CPLT-J',5749376,0.90,6,65,1);
/*!40000 ALTER TABLE `market` ENABLE KEYS */;
UNLOCK TABLES;

--
-- Table structure for table `match`
--

DROP TABLE IF EXISTS `match`;
/*!40101 SET @saved_cs_client     = @@character_set_client */;
/*!40101 SET character_set_client = utf8 */;
CREATE TABLE `match` (
  `match_id` int(11) NOT NULL AUTO_INCREMENT,
  `attacker` varchar(25) NOT NULL,
  `defender` varchar(25) NOT NULL,
  `planet_name` varchar(50) DEFAULT NULL,
  `declared` timestamp NULL DEFAULT NULL,
  `responded` timestamp NULL DEFAULT NULL,
  `reported` timestamp NULL DEFAULT NULL,
  `report_response` timestamp NULL DEFAULT NULL,
  `resolved` timestamp NULL DEFAULT NULL,
  `winner` varchar(25) DEFAULT NULL,
  `last_action` timestamp NOT NULL DEFAULT CURRENT_TIMESTAMP,
  `mercenary` varchar(25) DEFAULT NULL,
  `mercenary_qty` int(11) DEFAULT '0',
  `mercenary_rply` int(1) DEFAULT '0',
  `mercenary_time` timestamp NULL DEFAULT NULL,
  `defender_mercenary_rply` int(1) DEFAULT NULL,
  `defender_mercenary_qty` int(11) DEFAULT NULL,
  `defender_mercenary_time` timestamp NULL DEFAULT NULL,
  `defender_mercenary` varchar(25) DEFAULT NULL,
  `attacker_url` varchar(1000) DEFAULT NULL,
  `defender_url` varchar(1000) DEFAULT NULL,
  `attacker_lost_mechs` varchar(250) DEFAULT NULL,
  `defender_lost_mechs` varchar(250) DEFAULT NULL,
  `amerc_lost_mechs` varchar(200) DEFAULT NULL,
  `dmerc_lost_mechs` varchar(200) DEFAULT NULL,
  `aftermath_report` varchar(4000) DEFAULT NULL,
  `extension` int(1) NOT NULL DEFAULT '0',
  PRIMARY KEY (`match_id`)
) ENGINE=InnoDB AUTO_INCREMENT=803 DEFAULT CHARSET=latin1;
/*!40101 SET character_set_client = @saved_cs_client */;

--
-- Dumping data for table `match`
--

LOCK TABLES `match` WRITE;
/*!40000 ALTER TABLE `match` DISABLE KEYS */;
INSERT INTO `match` VALUES (706,'deadfire','mech79','carstairs','2013-10-22 06:57:42','2013-10-26 07:11:39','2013-10-26 07:11:39','2013-10-27 07:13:47','2013-10-27 07:13:47','deadfire','2013-10-27 07:13:47',NULL,0,0,NULL,NULL,NULL,NULL,NULL,NULL,NULL,NULL,NULL,NULL,NULL,'<span class=\"green\">deadfire stole 21,417,224cbills during base capture</span><br><span class=\"green\">deadfire gained 21,417,224cbills in earnings and salvaged parts/data/supplies/etc.</span><br><span class=\"green\">mech79 gained -15,476,335cbills in earnings and salvaged parts/data/supplies/etc.</span><br>',0),(707,'antares','canuck307','antares','2013-10-22 15:06:35','2013-10-22 23:41:56','2013-10-26 23:01:02','2013-10-26 23:03:51','2013-10-26 23:03:51','antares','2013-10-26 23:03:51',NULL,0,0,NULL,NULL,NULL,NULL,NULL,'http://i25.photobucket.com/albums/c85/lego-botz/ScreenShot0082.jpg',NULL,'1 VTR-9S, 1 KTO-18, 1 HGN-733C','2 LCT-3M, 6 VTR-9B, 4 VTR-9S',NULL,NULL,'<span class=\"red\">antares lost 1 VTR-9S</span><br><span class=\"red\">antares lost 1 KTO-18</span><br><span class=\"red\">canuck307 lost 1 LCT-3M</span><br><span class=\"green\">antares salvaged LCT-3M</span><br><span class=\"red\">canuck307 lost 1 VTR-9B</span><br><span class=\"green\">antares salvaged VTR-9B</span><br><span class=\"red\">canuck307 lost 1 VTR-9B</span><br><span class=\"green\">antares salvaged VTR-9B</span><br><span class=\"red\">canuck307 lost 1 VTR-9B</span><br><span class=\"green\">antares salvaged VTR-9B</span><br><span class=\"red\">canuck307 lost 1 VTR-9S</span><br><span class=\"green\">antares salvaged VTR-9S</span><br><span class=\"red\">canuck307 lost 1 VTR-9S</span><br><span class=\"green\">antares salvaged VTR-9S</span><br><span class=\"red\">canuck307 lost 1 VTR-9S</span><br><span class=\"green\">antares salvaged VTR-9S</span><br><span class=\"green\">antares earned 12 kills in honorable combat</span><br><span class=\"green\">antares earned 6,090,776cbills for honorable combat</span><br><span class=\"green\">1,723,894cbills was stolen from planet antares</span><br><span class=\"green\">antares gained 56,556,520cbills in earnings and salvaged parts/data/supplies/etc.</span><br><span class=\"green\">canuck307 gained 22,237,461cbills in earnings and salvaged parts/data/supplies/etc.</span><br>',0),(709,'vas79','dankith','ardoz','2013-10-23 00:16:40','2013-10-23 20:20:43','2013-10-24 04:00:37','2013-10-25 06:17:33','2013-10-25 06:17:33','vas79','2013-10-25 06:17:33',NULL,0,0,NULL,NULL,NULL,NULL,NULL,'http://i1334.photobucket.com/albums/w642/bcrowston/ScreenShot0013_zpsce4eef41.jpg',NULL,'2 JR7-F, 2 JR7-K, 1 JR7-D, 1 RVN-3L','1 HGN-732, 1 CPLT-K2',NULL,NULL,'<span class=\"red\">vas79 lost 1 JR7-K</span><br><span class=\"green\">dankith salvaged JR7-K</span><br><span class=\"red\">vas79 lost 1 RVN-3L</span><br><span class=\"red\">dankith lost 1 HGN-732</span><br><span class=\"green\">vas79 salvaged HGN-732</span><br><span class=\"red\">dankith lost 1 CPLT-K2</span><br><span class=\"green\">vas79 salvaged CPLT-K2</span><br><span class=\"green\">vas79 stole 17,441,580cbills during base capture</span><br><span class=\"green\">1,157,937cbills was stolen from planet ardoz</span><br><span class=\"green\">vas79 gained 26,396,736cbills in earnings and salvaged parts/data/supplies/etc.</span><br><span class=\"green\">dankith gained 3,881,434cbills in earnings and salvaged parts/data/supplies/etc.</span><br>',0),(710,'3rdworld','greyghosts','shitara','2013-10-23 13:26:11','2013-10-27 15:00:25','2013-10-27 15:00:25','2013-10-28 16:30:27','2013-10-28 16:30:27','3rdworld','2013-10-28 16:30:27',NULL,0,0,NULL,NULL,NULL,NULL,NULL,NULL,NULL,NULL,NULL,NULL,NULL,'<span class=\"green\">828,945cbills was stolen from planet shitara</span><br><span class=\"green\">3rdworld gained 828,945cbills in earnings and salvaged parts/data/supplies/etc.</span><br><span class=\"green\">greyghosts gained 8,261,919cbills in earnings and salvaged parts/data/supplies/etc.</span><br>',0),(711,'3rdworld','greyghosts','shitara','2013-10-23 13:39:48','2013-10-27 15:01:49','2013-10-27 15:01:49','2013-10-28 16:30:28','2013-10-28 16:30:28','3rdworld','2013-10-28 16:30:28',NULL,0,0,NULL,NULL,NULL,NULL,NULL,NULL,NULL,NULL,NULL,NULL,NULL,'<span class=\"green\">828,945cbills was stolen from planet shitara</span><br><span class=\"green\">3rdworld gained 828,945cbills in earnings and salvaged parts/data/supplies/etc.</span><br><span class=\"green\">greyghosts gained 4,848,249cbills in earnings and salvaged parts/data/supplies/etc.</span><br>',0),(713,'cef command','3rdworld','barstow','2013-10-24 04:17:26','2013-10-26 16:54:26','2013-11-11 01:44:38','2013-11-11 05:30:46','2013-11-11 05:30:46','3rdworld','2013-11-11 05:30:46',NULL,0,0,NULL,1,3,'2013-11-04 09:22:19','crazyhorse','http://unguardedsleep.com/screencap/Proxis.20131110.2024.jpg',NULL,'05 HBK-4SP, 2 HBK-4P, 4 CPLT-K2, 1 JR7-D','1 BLR-1G',NULL,' ','<span class=\"red\">cef command lost 1 HBK-4SP</span><br><span class=\"red\">cef command lost 1 HBK-4SP</span><br><span class=\"green\">3rdworld salvaged HBK-4SP</span><br><span class=\"red\">cef command lost 1 HBK-4P</span><br><span class=\"green\">3rdworld salvaged HBK-4P</span><br><span class=\"green\">cef command gained 3,987,917cbills in earnings and salvaged parts/data/supplies/etc.</span><br><span class=\"green\">3rdworld gained 40,500,052cbills in earnings and salvaged parts/data/supplies/etc.</span><br><span class=\"green\">crazyhorse gained 17,636,742cbills in earnings and salvaged parts/data/supplies/etc.</span><br><span class=\"green\">3rdworld gained 10,443,898cbills for hiring a mercenary.</span><br>',0),(714,'deadfire','hrunting','carstairs','2013-11-01 05:00:00','2013-11-01 16:10:01',NULL,'2013-11-01 18:00:37','2013-11-01 18:00:37','deadfire','2013-11-01 18:00:37',NULL,0,0,NULL,NULL,12,NULL,'gman129',NULL,NULL,NULL,NULL,NULL,NULL,'<span class=\"red\">hrunting lost a CPLT-K2</span><br><span class=\"red\">hrunting lost a COM-2D</span><br><span class=\"red\">hrunting lost a COM-2D</span><br><span class=\"red\">hrunting lost a COM-2D</span><br><span class=\"red\">hrunting lost a KTO-BOY</span><br><span class=\"red\">hrunting lost a KTO-BOY</span><br><span class=\"green\">987,137cbills was stolen from planet carstairs</span><br><span class=\"green\">deadfire gained 1,393,747cbills in earnings and salvaged parts/data/supplies/etc.</span><br><span class=\"green\">hrunting gained -1,393,747cbills in earnings and salvaged parts/data/supplies/etc.</span><br>',0),(715,'deadfire','gman129','vega','2013-10-28 07:39:25','2013-10-30 03:15:08','2013-11-05 03:40:31','2013-11-05 03:48:00','2013-11-05 03:48:00','deadfire','2013-11-05 03:48:00',NULL,0,0,NULL,NULL,NULL,NULL,NULL,'http://i.imgur.com/50kEEN6.jpg',NULL,'1 JR7-K','3 JR7-F, 1 RVN-3L, 8 HBK-4P',NULL,NULL,'<span class=\"red\">deadfire lost 1 JR7-K</span><br><span class=\"red\">gman129 lost 1 JR7-F</span><br><span class=\"green\">deadfire salvaged JR7-F</span><br><span class=\"red\">gman129 lost 1 RVN-3L</span><br><span class=\"green\">deadfire salvaged RVN-3L</span><br><span class=\"red\">gman129 lost 1 HBK-4P</span><br><span class=\"green\">deadfire salvaged HBK-4P</span><br><span class=\"red\">gman129 lost 1 HBK-4P</span><br><span class=\"green\">deadfire salvaged HBK-4P</span><br><span class=\"red\">gman129 lost 1 HBK-4P</span><br><span class=\"green\">deadfire salvaged HBK-4P</span><br><span class=\"red\">gman129 lost 1 HBK-4P</span><br><span class=\"green\">deadfire salvaged HBK-4P</span><br><span class=\"red\">gman129 lost 1 HBK-4P</span><br><span class=\"green\">deadfire salvaged HBK-4P</span><br><span class=\"red\">gman129 lost 1 HBK-4P</span><br><span class=\"green\">deadfire salvaged HBK-4P</span><br><span class=\"green\">979,392cbills was stolen from planet vega</span><br><span class=\"green\">deadfire gained 49,780,690cbills in earnings and salvaged parts/data/supplies/etc.</span><br><span class=\"green\">gman129 gained 10,913,810cbills in earnings and salvaged parts/data/supplies/etc.</span><br>',0),(718,'khavi vetali','vas79','thessalonika','2013-10-30 03:41:10','2013-11-01 00:12:59','2013-11-06 03:26:15','2013-11-06 03:36:23','2013-11-06 03:36:23','khavi vetali','2013-11-06 03:36:23',NULL,0,0,NULL,NULL,NULL,NULL,NULL,'http://imgur.com/0zeGxJX',NULL,'','',NULL,NULL,'<span class=\"green\">1,633,829cbills was stolen from planet thessalonika</span><br><span class=\"green\">khavi vetali gained 12,390,617cbills in earnings and salvaged parts/data/supplies/etc.</span><br><span class=\"green\">vas79 gained -1,633,829cbills in earnings and salvaged parts/data/supplies/etc.</span><br>',0),(719,'3rdworld','krazypoloc','summer','2013-10-30 16:59:05','2013-11-03 02:37:02','2013-11-06 04:38:37','2013-11-06 04:41:31','2013-11-06 04:41:31','3rdworld','2013-11-06 04:41:31',NULL,0,0,NULL,NULL,NULL,NULL,NULL,'http://imgur.com/a/DsTdV',NULL,'1 HGN-733C','2 BJ-1, 1 BJ-1X, 1 BJ-1DC, 2 SHD-2D2, 2 SHD-2H, 1 HGN-733C, 1 HGN-732, 1 HGN-733P, 1 HGN-HM',NULL,NULL,'<span class=\"red\">3rdworld lost 1 HGN-733C</span><br><span class=\"red\">krazypoloc lost 1 BJ-1X</span><br><span class=\"red\">krazypoloc lost 1 SHD-2H</span><br><span class=\"green\">3rdworld salvaged SHD-2H</span><br><span class=\"red\">krazypoloc lost 1 SHD-2H</span><br><span class=\"red\">krazypoloc lost 1 HGN-733C</span><br><span class=\"red\">krazypoloc lost 1 HGN-732</span><br><span class=\"green\">1,622,728cbills was stolen from planet summer</span><br><span class=\"green\">3rdworld gained 51,892,225cbills in earnings and salvaged parts/data/supplies/etc.</span><br><span class=\"green\">krazypoloc gained 7,620,440cbills in earnings and salvaged parts/data/supplies/etc.</span><br>',0),(720,'antares','canuck307','antares','2013-11-01 15:17:37','2013-11-06 01:43:35','2013-11-06 01:43:35','2013-11-06 01:43:35','2013-11-06 01:43:35','antares','2013-11-06 01:43:35',NULL,0,0,NULL,NULL,NULL,NULL,NULL,NULL,NULL,NULL,NULL,NULL,NULL,'<span class=\"red\">canuck307 lost a HGN-733C</span><br><span class=\"red\">canuck307 lost a JM6-S</span><br><span class=\"red\">canuck307 lost a CN9-AL</span><br><span class=\"red\">canuck307 lost a VTR-9S</span><br><span class=\"red\">canuck307 lost a HGN-HM</span><br><span class=\"red\">canuck307 lost a VTR-9B</span><br><span class=\"green\">1,883,894cbills was stolen from planet antares</span><br><span class=\"green\">antares gained 2,411,929cbills in earnings and salvaged parts/data/supplies/etc.</span><br><span class=\"green\">canuck307 gained 4,852,257cbills in earnings and salvaged parts/data/supplies/etc.</span><br>',0),(721,'deadfire','hrunting','carstairs','2013-11-01 18:41:41','2013-11-02 00:33:22','2013-11-11 02:24:19','2013-11-11 04:13:13','2013-11-11 04:13:13','deadfire','2013-11-11 04:13:13',NULL,0,0,NULL,1,12,'2013-11-05 14:06:44','gman129','http://i.imgur.com/Lhn9spL.jpg',NULL,'1 HGN-733C, 3 ON1-PR, 1 SHD-5M, 2 JR7-F','',NULL,'3 AS7-RS, 3 CPLT-K2, 3 HBK-4P, 3 JR7-F','<span class=\"red\">deadfire lost 1 ON1-PR</span><br><span class=\"green\">hrunting salvaged ON1-PR</span><br><span class=\"red\">gman129 lost 1 CPLT-K2</span><br><span class=\"green\">deadfire salvaged CPLT-K2</span><br><span class=\"red\">gman129 lost 1 CPLT-K2</span><br><span class=\"green\">deadfire salvaged CPLT-K2</span><br><span class=\"red\">gman129 lost 1 HBK-4P</span><br><span class=\"green\">deadfire salvaged HBK-4P</span><br><span class=\"red\">gman129 lost 1 JR7-F</span><br><span class=\"green\">deadfire salvaged JR7-F</span><br><span class=\"red\">gman129 lost 1 JR7-F</span><br><span class=\"green\">deadfire salvaged JR7-F</span><br><span class=\"green\">1,127,137cbills was stolen from planet carstairs</span><br><span class=\"green\">deadfire gained 53,125,264cbills in earnings and salvaged parts/data/supplies/etc.</span><br><span class=\"green\">hrunting gained -7,604,490cbills in earnings and salvaged parts/data/supplies/etc.</span><br><span class=\"green\">gman129 gained 47,894,871cbills in earnings and salvaged parts/data/supplies/etc.</span><br><span class=\"green\">hrunting gained 9,314,616cbills for hiring a mercenary.</span><br>',0),(722,'vas79','antares','basiliano','2013-11-01 21:24:44','2013-11-06 01:52:38','2013-11-06 01:52:38','2013-11-06 01:52:38','2013-11-06 01:52:38','vas79','2013-11-06 01:52:38',NULL,0,0,NULL,NULL,NULL,NULL,NULL,NULL,NULL,NULL,NULL,NULL,NULL,'<span class=\"green\">1,335,763cbills was stolen from planet basiliano</span><br><span class=\"green\">vas79 gained 1,741,242cbills in earnings and salvaged parts/data/supplies/etc.</span><br><span class=\"green\">antares gained -1,741,242cbills in earnings and salvaged parts/data/supplies/etc.</span><br>',0),(723,'vas79','hrunting','veckholm','2013-11-01 22:46:11','2013-11-02 09:17:18','2013-11-09 14:41:57','2013-11-10 07:49:21','2013-11-10 07:49:21','hrunting','2013-11-10 07:49:21',NULL,0,0,NULL,NULL,NULL,NULL,NULL,NULL,NULL,'1 HGN-733C, 1 HGN-732, 2 TDR-5S, 2 HBK-4P, 1 HBK-4G, 2 JR7-D, 2 JR7-F, 1 JR7-K','1 CPLT-A1',NULL,NULL,'<span class=\"red\">vas79 lost 1 TDR-5S</span><br><span class=\"red\">vas79 lost 1 TDR-5S</span><br><span class=\"red\">vas79 lost 1 HBK-4P</span><br><span class=\"red\">vas79 lost 1 JR7-D</span><br><span class=\"red\">vas79 lost 1 JR7-F</span><br><span class=\"green\">hrunting salvaged JR7-F</span><br><span class=\"green\">vas79 gained 3,220,279cbills in earnings and salvaged parts/data/supplies/etc.</span><br><span class=\"green\">hrunting gained 52,474,203cbills in earnings and salvaged parts/data/supplies/etc.</span><br>',0),(726,'3rdworld','krazypoloc','summer','2013-11-03 07:43:14','2013-11-06 06:15:57','2013-11-11 04:10:08','2013-11-11 04:14:22','2013-11-11 04:14:22','3rdworld','2013-11-11 04:14:22',NULL,0,0,NULL,NULL,NULL,NULL,NULL,'http://imgur.com/a/dbvc8',NULL,'1 CN9-A','4 BJ-1, 2 BJ-1X, 4 SHD-2D2, 2 SHD-2H',NULL,NULL,'<span class=\"red\">3rdworld lost 1 CN9-A</span><br><span class=\"red\">krazypoloc lost 1 BJ-1</span><br><span class=\"red\">krazypoloc lost 1 BJ-1</span><br><span class=\"green\">3rdworld salvaged BJ-1</span><br><span class=\"red\">krazypoloc lost 1 BJ-1X</span><br><span class=\"red\">krazypoloc lost 1 SHD-2D2</span><br><span class=\"red\">krazypoloc lost 1 SHD-2D2</span><br><span class=\"red\">krazypoloc lost 1 SHD-2H</span><br><span class=\"green\">3rdworld salvaged SHD-2H</span><br><span class=\"red\">krazypoloc lost 1 SHD-2H</span><br><span class=\"green\">1,540,455cbills was stolen from planet summer</span><br><span class=\"green\">3rdworld gained 46,700,699cbills in earnings and salvaged parts/data/supplies/etc.</span><br><span class=\"green\">krazypoloc gained 2,643,280cbills in earnings and salvaged parts/data/supplies/etc.</span><br>',0),(727,'deadfire','hrunting','dukambia','2013-11-03 08:44:41','2013-11-07 06:56:47','2013-11-13 03:43:17','2013-11-13 04:02:24','2013-11-13 04:02:24','deadfire','2013-11-13 04:02:24',NULL,0,0,NULL,NULL,NULL,NULL,NULL,'http://i.imgur.com/bk0SQJK.jpg',NULL,'1 ON1-K','3 SDR-5D, 2 KTO-19, 1 KTO-BOY, 1 CPLT-A1, 1 CPLT-K2, 1 CTF-IM, 1 AS7-D-DC, 2 AS7-D',NULL,NULL,'<span class=\"red\">deadfire lost 1 ON1-K</span><br><span class=\"green\">hrunting salvaged ON1-K</span><br><span class=\"red\">hrunting lost 1 SDR-5D</span><br><span class=\"green\">deadfire salvaged SDR-5D</span><br><span class=\"red\">hrunting lost 1 KTO-BOY</span><br><span class=\"green\">deadfire salvaged KTO-BOY</span><br><span class=\"red\">hrunting lost 1 CPLT-A1</span><br><span class=\"green\">deadfire salvaged CPLT-A1</span><br><span class=\"red\">hrunting lost 1 CPLT-K2</span><br><span class=\"green\">deadfire salvaged CPLT-K2</span><br><span class=\"red\">hrunting lost 1 CTF-IM</span><br><span class=\"green\">deadfire salvaged CTF-IM</span><br><span class=\"red\">hrunting lost 1 AS7-D</span><br><span class=\"green\">deadfire salvaged AS7-D</span><br><span class=\"green\">603,947cbills was stolen from planet dukambia</span><br><span class=\"green\">deadfire gained 49,836,803cbills in earnings and salvaged parts/data/supplies/etc.</span><br><span class=\"green\">hrunting gained 2,475,614cbills in earnings and salvaged parts/data/supplies/etc.</span><br><span class=\"green\">1 CPLT-A1 were sold for 3,387,516cbills. Unable to find room for them.</span><br><span class=\"green\">1 CPLT-K2 were sold for 6,947,387cbills. Unable to find room for them.</span><br><span class=\"green\">1 CTF-IM were sold for 3,395,599cbills. Unable to find room for them.</span><br><span class=\"green\">1 AS7-D were sold for 11,268,392cbills. Unable to find room for them.</span><br><span class=\"green\">deadfire captured planet dukambia and 5,435,523cbills and all mechs stationed there</span><br>',0),(728,'3rdworld','krazypoloc','remulac','2013-11-03 16:40:02','2013-11-07 06:46:24','2013-11-13 02:53:45','2013-11-13 02:59:15','2013-11-13 02:59:15','3rdworld','2013-11-13 02:59:15',NULL,0,0,NULL,NULL,NULL,NULL,NULL,'http://imgur.com/a/Z7nlH',NULL,'','5 CTF-3D, 1 CTF-IM, 1 SHD-2H, 1 SHD-2D2, 2 HGN-733C, 2 JR7-F',NULL,NULL,'<span class=\"red\">krazypoloc lost 1 CTF-3D</span><br><span class=\"red\">krazypoloc lost 1 CTF-3D</span><br><span class=\"red\">krazypoloc lost 1 CTF-3D</span><br><span class=\"red\">krazypoloc lost 1 CTF-IM</span><br><span class=\"red\">krazypoloc lost 1 SHD-2D2</span><br><span class=\"red\">krazypoloc lost 1 HGN-733C</span><br><span class=\"green\">3rdworld salvaged HGN-733C</span><br><span class=\"red\">krazypoloc lost 1 JR7-F</span><br><span class=\"green\">3rdworld salvaged JR7-F</span><br><span class=\"green\">1,921,855cbills was stolen from planet remulac</span><br><span class=\"green\">3rdworld gained 78,879,989cbills in earnings and salvaged parts/data/supplies/etc.</span><br><span class=\"green\">krazypoloc gained -1,921,855cbills in earnings and salvaged parts/data/supplies/etc.</span><br>',0),(730,'cef command','crazyhorse','koumi','2013-11-05 00:55:53','2013-11-07 18:14:16','2013-11-11 00:17:22','2013-11-11 04:57:22','2013-11-11 04:57:22','crazyhorse','2013-11-11 04:57:22',NULL,0,0,NULL,NULL,NULL,NULL,NULL,'http://unguardedsleep.com/screencap/Proxis.20131110.1820.jpg',NULL,'2 STK-M, 1 STK-5M, 1 STK-3F, 1 CDA-2B, 1 CDA-3C, 2 RVN-3L, 3 HBK-4SP, 1 HBK-4G','2 AS7-D-DC',NULL,NULL,'<span class=\"red\">cef command lost 1 CDA-2B</span><br><span class=\"red\">cef command lost 1 CDA-3C</span><br><span class=\"red\">cef command lost 1 RVN-3L</span><br><span class=\"red\">cef command lost 1 HBK-4SP</span><br><span class=\"red\">cef command lost 1 HBK-4SP</span><br><span class=\"red\">cef command lost 1 HBK-4SP</span><br><span class=\"red\">cef command lost 1 HBK-4G</span><br><span class=\"red\">crazyhorse lost 1 AS7-D-DC</span><br><span class=\"green\">cef command salvaged AS7-D-DC</span><br><span class=\"green\">cef command gained 16,552,714cbills in earnings and salvaged parts/data/supplies/etc.</span><br><span class=\"green\">crazyhorse gained 49,039,873cbills in earnings and salvaged parts/data/supplies/etc.</span><br>',0),(731,'aylward','krazypoloc','menkar','2013-11-05 03:25:24','2013-11-10 05:45:17','2013-11-10 05:45:17','2013-11-10 05:45:17','2013-11-10 05:45:17','aylward','2013-11-10 05:45:17','blackstoneknights',12,1,'2013-11-07 17:54:32',NULL,NULL,NULL,NULL,NULL,NULL,NULL,NULL,NULL,NULL,'<span class=\"green\">1,762,345cbills was stolen from planet menkar</span><br><span class=\"green\">aylward gained -1,163,724cbills in earnings and salvaged parts/data/supplies/etc.</span><br><span class=\"green\">blackstoneknights gained 3,491,172cbills in earnings and salvaged parts/data/supplies/etc.</span><br><span class=\"green\">krazypoloc gained -2,327,448cbills in earnings and salvaged parts/data/supplies/etc.</span><br><span class=\"green\">aylward gained 9,766,180cbills for hiring a mercenary.</span><br>',0),(732,'deadfire','gman129','vega','2013-11-05 05:49:18','2013-11-09 06:42:57','2013-11-09 06:42:57','2013-11-09 06:42:57','2013-11-09 06:42:57','deadfire','2013-11-09 06:42:57',NULL,0,0,NULL,NULL,NULL,NULL,NULL,NULL,NULL,NULL,NULL,NULL,NULL,'<span class=\"green\">961,452cbills was stolen from planet vega</span><br><span class=\"green\">deadfire gained 1,386,303cbills in earnings and salvaged parts/data/supplies/etc.</span><br><span class=\"green\">gman129 gained 6,593,254cbills in earnings and salvaged parts/data/supplies/etc.</span><br>',0),(733,'aylward','blackwindlancers','minnacora','2013-11-05 06:16:39','2013-11-05 07:35:05','2013-11-11 04:41:48','2013-11-11 06:01:50','2013-11-11 06:01:50','blackwindlancers','2013-11-11 06:01:50',NULL,0,0,NULL,NULL,NULL,NULL,NULL,'http://s1272.photobucket.com/user/Paulo_Leitao/media/ScreenShot0034_zpscd997819.jpg.html',NULL,'01 CPLT-C1, 2 CPLT-K2, 1 HGN-733C, 1 HGN-HM, 1 JR7-D, 1 KTO-20, 1 KTO-BOY, 1 STK-3F, 1 STK-5M, 1 STK-M, 1 TBT-7K','2 HGN-HM, 3 BLR-1D, 1 RVN-4X',NULL,NULL,'<span class=\"red\">aylward lost 1 CPLT-C1</span><br><span class=\"green\">blackwindlancers salvaged CPLT-C1</span><br><span class=\"red\">aylward lost 1 HGN-733C</span><br><span class=\"red\">aylward lost 1 KTO-BOY</span><br><span class=\"green\">blackwindlancers salvaged KTO-BOY</span><br><span class=\"red\">aylward lost 1 STK-3F</span><br><span class=\"red\">aylward lost 1 STK-M</span><br><span class=\"red\">blackwindlancers lost 1 HGN-HM</span><br><span class=\"green\">aylward salvaged HGN-HM</span><br><span class=\"red\">blackwindlancers lost 1 BLR-1D</span><br><span class=\"green\">aylward gained 22,033,367cbills in earnings and salvaged parts/data/supplies/etc.</span><br><span class=\"green\">blackwindlancers gained 49,215,104cbills in earnings and salvaged parts/data/supplies/etc.</span><br>',0),(734,'blackwindlancers','aylward','bethel','2013-11-06 07:16:00','2013-11-08 14:43:00','2013-11-15 04:17:40','2013-11-15 04:20:23','2013-11-15 04:20:23','blackwindlancers','2013-11-15 04:20:23',NULL,0,0,NULL,NULL,NULL,NULL,NULL,'http://i.imgur.com/qeREKHb.jpg',NULL,'1 AS7-BH, 1 CTF-4X, 1 CTF-3D','1 JR7-D, 3 STK-5M, 2 CPLT-A1, 1 TBT-7K, 1 STK-3F, 1 KTO-BOY, 1 STK-5S, 1 CPLT-C1, 1 TBT-5J',NULL,NULL,'<span class=\"red\">blackwindlancers lost 1 CTF-4X</span><br><span class=\"red\">aylward lost 1 STK-5M</span><br><span class=\"red\">aylward lost 1 STK-5M</span><br><span class=\"green\">blackwindlancers salvaged STK-5M</span><br><span class=\"red\">aylward lost 1 STK-5M</span><br><span class=\"green\">blackwindlancers salvaged STK-5M</span><br><span class=\"red\">aylward lost 1 CPLT-A1</span><br><span class=\"red\">aylward lost 1 CPLT-C1</span><br><span class=\"red\">aylward lost 1 TBT-5J</span><br><span class=\"green\">1,748,320cbills was stolen from planet bethel</span><br><span class=\"green\">blackwindlancers gained 42,480,943cbills in earnings and salvaged parts/data/supplies/etc.</span><br><span class=\"green\">aylward gained 12,255,391cbills in earnings and salvaged parts/data/supplies/etc.</span><br>',0),(737,'3rdworld','krazypoloc','summer','2013-11-06 21:24:37','2013-11-07 06:50:46','2013-11-11 04:26:55','2013-11-11 04:28:35','2013-11-11 04:28:35','3rdworld','2013-11-11 04:28:35',NULL,0,0,NULL,NULL,NULL,NULL,NULL,'https://dl.dropboxusercontent.com/u/2977799/mwo/Screenshots/ScreenShot0022.jpg',NULL,'','2 BJ-1, 2 BJ-1DC, 2 SHD-2D2, 1 SHD-2H',NULL,NULL,'<span class=\"red\">krazypoloc lost 1 BJ-1</span><br><span class=\"red\">krazypoloc lost 1 BJ-1DC</span><br><span class=\"red\">krazypoloc lost 1 BJ-1DC</span><br><span class=\"green\">3rdworld salvaged BJ-1DC</span><br><span class=\"green\">1,386,409cbills was stolen from planet summer</span><br><span class=\"green\">3rdworld gained 26,454,602cbills in earnings and salvaged parts/data/supplies/etc.</span><br><span class=\"green\">krazypoloc gained -1,386,409cbills in earnings and salvaged parts/data/supplies/etc.</span><br>',0),(739,'3rdworld','krazypoloc','milton','2013-11-06 21:28:44','2013-11-11 00:53:14','2013-11-17 06:08:15','2013-11-17 21:31:02','2013-11-17 21:31:02','3rdworld','2013-11-17 21:31:02','gman129',12,1,'2013-11-07 02:41:02',NULL,NULL,NULL,NULL,'http://i.imgur.com/IGnGDjT.jpg',NULL,'','4 HBK-4G, 3 HBK-4SP, 2 CDA-2A, 1 CDA-X5, 1 HBK-4H, 1 HBK-4P','2 JR7-D, 1 HGN-733C',NULL,'<span class=\"red\">krazypoloc lost 1 HBK-4G</span><br><span class=\"red\">krazypoloc lost 1 HBK-4G</span><br><span class=\"red\">krazypoloc lost 1 HBK-4SP</span><br><span class=\"red\">krazypoloc lost 1 HBK-4SP</span><br><span class=\"red\">krazypoloc lost 1 CDA-2A</span><br><span class=\"red\">krazypoloc lost 1 CDA-X5</span><br><span class=\"red\">gman129 lost 1 JR7-D</span><br><span class=\"green\">1,739,266cbills was stolen from planet milton</span><br><span class=\"green\">3rdworld gained -11,671,553cbills in earnings and salvaged parts/data/supplies/etc.</span><br><span class=\"green\">gman129 gained 61,840,533cbills in earnings and salvaged parts/data/supplies/etc.</span><br><span class=\"green\">krazypoloc gained 14,570,987cbills in earnings and salvaged parts/data/supplies/etc.</span><br><span class=\"green\">3rdworld gained 8,145,487cbills for hiring a mercenary.</span><br><span class=\"green\">3rdworld captured planet milton and 15,653,396cbills and all mechs stationed there</span><br>',0),(742,'3rdworld','krazypoloc','summer','2013-11-11 05:27:23','2013-11-14 02:50:19','2013-11-21 03:38:33','2013-11-21 03:59:19','2013-11-21 03:59:19','3rdworld','2013-11-21 03:59:19',NULL,0,0,NULL,NULL,NULL,NULL,NULL,NULL,NULL,'2 CN9-A','1 HGN-733P, 2 SHD-2D2, 3 BJ-1, 1 BJ-1X, 1 BJ-DC, 3 SHD-2H, 1 HGN-HM',NULL,NULL,'<span class=\"red\">3rdworld lost 1 CN9-A</span><br><span class=\"green\">krazypoloc salvaged CN9-A</span><br><span class=\"red\">3rdworld lost 1 CN9-A</span><br><span class=\"green\">krazypoloc salvaged CN9-A</span><br><span class=\"red\">krazypoloc lost 1 HGN-733P</span><br><span class=\"red\">krazypoloc lost 1 SHD-2D2</span><br><span class=\"red\">krazypoloc lost 1 SHD-2D2</span><br><span class=\"red\">krazypoloc lost 1 BJ-1</span><br><span class=\"red\">krazypoloc lost 1 BJ-1</span><br><span class=\"green\">3rdworld salvaged BJ-1</span><br><span class=\"red\">krazypoloc lost 1 BJ-DC</span><br><span class=\"red\">krazypoloc lost 1 SHD-2H</span><br><span class=\"green\">3rdworld salvaged SHD-2H</span><br><span class=\"red\">krazypoloc lost 1 SHD-2H</span><br><span class=\"green\">1,407,769cbills was stolen from planet summer</span><br><span class=\"green\">3rdworld gained 48,224,285cbills in earnings and salvaged parts/data/supplies/etc.</span><br><span class=\"green\">krazypoloc gained 6,931,891cbills in earnings and salvaged parts/data/supplies/etc.</span><br>',0),(743,'vas79','bongfu','radlje','2013-11-11 14:51:28','2013-11-15 20:04:28','2013-11-15 20:04:28','2013-11-15 20:04:28','2013-11-15 20:04:28','vas79','2013-11-15 20:04:28',NULL,0,0,NULL,NULL,NULL,NULL,NULL,NULL,NULL,NULL,NULL,NULL,NULL,'<span class=\"green\">749,554cbills was stolen from planet radlje</span><br><span class=\"green\">vas79 gained 24,429,701cbills in earnings and salvaged parts/data/supplies/etc.</span><br><span class=\"green\">bongfu gained -1,231,398cbills in earnings and salvaged parts/data/supplies/etc.</span><br>',0),(744,'aylward','krazypoloc','menkar','2013-11-11 19:10:49','2013-11-16 03:44:42','2013-11-16 03:44:42','2013-11-16 03:44:42','2013-11-16 03:44:42','aylward','2013-11-16 03:44:42','blackstoneknights',12,1,'2013-11-11 21:59:51',NULL,NULL,NULL,NULL,NULL,NULL,NULL,NULL,NULL,NULL,'<span class=\"green\">1,822,345cbills was stolen from planet menkar</span><br><span class=\"green\">aylward gained -14,434,626cbills in earnings and salvaged parts/data/supplies/etc.</span><br><span class=\"green\">blackstoneknights gained 43,303,879cbills in earnings and salvaged parts/data/supplies/etc.</span><br><span class=\"green\">krazypoloc gained -2,235,312cbills in earnings and salvaged parts/data/supplies/etc.</span><br><span class=\"green\">aylward gained 10,203,647cbills for hiring a mercenary.</span><br>',0),(745,'crazyhorse','cef command','hoff','2013-11-11 23:39:01','2013-11-14 06:08:42','2013-11-17 23:41:35','2013-11-18 04:46:54','2013-11-18 04:46:54','crazyhorse','2013-11-18 04:46:54',NULL,0,0,NULL,NULL,NULL,NULL,NULL,'http://img.photobucket.com/albums/v724/h64/MWOClient_2013_11_18_00_16_03_321_zpsa3a03a1c.png',NULL,'','1 RVN-3L, 2 CPLT-K2, 1 STK-5S, 2 STK-M, 2 STK-5M, 2 HBK-4SP, 1 STK-3F, 1 CDA-3C',NULL,NULL,'<span class=\"red\">cef command lost 1 RVN-3L</span><br><span class=\"red\">cef command lost 1 CPLT-K2</span><br><span class=\"red\">cef command lost 1 STK-5S</span><br><span class=\"red\">cef command lost 1 STK-5M</span><br><span class=\"red\">cef command lost 1 HBK-4SP</span><br><span class=\"red\">cef command lost 1 CDA-3C</span><br><span class=\"green\">1,773,037cbills was stolen from planet hoff</span><br><span class=\"green\">crazyhorse gained 56,193,127cbills in earnings and salvaged parts/data/supplies/etc.</span><br><span class=\"green\">cef command gained -1,773,037cbills in earnings and salvaged parts/data/supplies/etc.</span><br><span class=\"green\">crazyhorse captured planet hoff and 15,957,342cbills and all mechs stationed there</span><br>',0),(747,'3rdworld','krazypoloc','remulac','2013-11-13 23:18:56','2013-11-17 03:51:47','2013-11-21 03:49:54','2013-11-21 04:06:02','2013-11-21 04:06:02','3rdworld','2013-11-21 04:06:02',NULL,0,0,NULL,NULL,NULL,NULL,NULL,'http://i.imgur.com/Yu9RpFB.png',NULL,'','1 AWS-PB, 1 AWS-9M, 1 SHD-2H, 5 CTF-3D, 3 JR7-F, 1 SHD-2D2',NULL,NULL,'<span class=\"red\">krazypoloc lost 1 SHD-2H</span><br><span class=\"red\">krazypoloc lost 1 CTF-3D</span><br><span class=\"green\">3rdworld salvaged CTF-3D</span><br><span class=\"red\">krazypoloc lost 1 CTF-3D</span><br><span class=\"red\">krazypoloc lost 1 CTF-3D</span><br><span class=\"red\">krazypoloc lost 1 JR7-F</span><br><span class=\"red\">krazypoloc lost 1 JR7-F</span><br><span class=\"red\">krazypoloc lost 1 SHD-2D2</span><br><span class=\"green\">2,061,855cbills was stolen from planet remulac</span><br><span class=\"green\">3rdworld gained 70,500,051cbills in earnings and salvaged parts/data/supplies/etc.</span><br><span class=\"green\">krazypoloc gained -2,061,855cbills in earnings and salvaged parts/data/supplies/etc.</span><br><span class=\"green\">1 CTF-3D were sold for 19,134,233cbills. Unable to find room for them.</span><br><span class=\"green\">3rdworld captured dropship 132 from krazypoloc and all mechs onboard</span><br>',0),(748,'deadfire','khavi vetali','vega','2013-11-14 05:40:07','2013-11-14 16:14:44','2013-11-18 06:41:47','2013-11-18 15:47:54','2013-11-18 15:47:54','deadfire','2013-11-18 15:47:54',NULL,0,0,NULL,NULL,NULL,NULL,NULL,'http://i.imgur.com/7zzPCTP.jpg',NULL,'2 CPLT-K2, 2 SHD-5M, 1 SHD-2H, 1 JR7-K','1 SHD-2D2, 1 SHD-2H, 2 CN9-A, 2 HBK-4G, 1 HBK-4SP, 1 HBK-4P, 2 JR7-D, 1 JR7-K, 1 RVN-3L',NULL,NULL,'<span class=\"red\">deadfire lost 1 CPLT-K2</span><br><span class=\"red\">deadfire lost 1 CPLT-K2</span><br><span class=\"red\">deadfire lost 1 SHD-5M</span><br><span class=\"green\">khavi vetali salvaged SHD-5M</span><br><span class=\"red\">deadfire lost 1 SHD-2H</span><br><span class=\"red\">deadfire lost 1 JR7-K</span><br><span class=\"red\">khavi vetali lost 1 SHD-2H</span><br><span class=\"green\">deadfire salvaged SHD-2H</span><br><span class=\"red\">khavi vetali lost 1 CN9-A</span><br><span class=\"green\">deadfire salvaged CN9-A</span><br><span class=\"green\">484,581cbills was stolen from planet vega</span><br><span class=\"green\">deadfire gained 46,486,339cbills in earnings and salvaged parts/data/supplies/etc.</span><br><span class=\"green\">khavi vetali gained 30,715,965cbills in earnings and salvaged parts/data/supplies/etc.</span><br><span class=\"green\">1 SHD-5M were sold for 4,604,483cbills. Unable to find room for them.</span><br>',0),(752,'crazyhorse','cef command','marlowes rift','2013-11-14 22:50:41','2013-12-02 17:39:25',NULL,NULL,NULL,NULL,'2013-11-14 22:50:41',NULL,0,0,NULL,NULL,NULL,NULL,NULL,NULL,NULL,NULL,NULL,NULL,NULL,NULL,0),(754,'blackwindlancers','aylward','bethel','2013-11-15 06:03:09','2013-11-18 22:10:07','2013-11-25 04:50:51','2013-11-25 05:33:08','2013-11-25 05:33:08','blackwindlancers','2013-11-25 05:33:08',NULL,0,0,NULL,NULL,NULL,NULL,NULL,'http://i.imgur.com/WdJUXbx.jpg',NULL,'1 AS7-BH, 1 CTF-1X','2 STK-3F, 2 HGN-HM, 1 STK-M, 1 CPLT-K2, 1 STK-5M, 1 STK-5S, 2 JR7-D, 1 CPLT-A1, 1 TBT-7K',NULL,NULL,'<span class=\"red\">blackwindlancers lost 1 AS7-BH</span><br><span class=\"red\">blackwindlancers lost 1 CTF-1X</span><br><span class=\"red\">aylward lost 1 STK-3F</span><br><span class=\"red\">aylward lost 1 HGN-HM</span><br><span class=\"red\">aylward lost 1 STK-M</span><br><span class=\"green\">blackwindlancers salvaged STK-M</span><br><span class=\"red\">aylward lost 1 CPLT-K2</span><br><span class=\"red\">aylward lost 1 STK-5S</span><br><span class=\"red\">aylward lost 1 JR7-D</span><br><span class=\"green\">blackwindlancers salvaged JR7-D</span><br><span class=\"green\">1,733,488cbills was stolen from planet bethel</span><br><span class=\"green\">blackwindlancers gained 49,055,508cbills in earnings and salvaged parts/data/supplies/etc.</span><br><span class=\"green\">aylward gained 5,244,694cbills in earnings and salvaged parts/data/supplies/etc.</span><br>',1),(755,'cef command','crazyhorse','sutama','2013-11-15 15:33:27','2013-11-18 21:16:03','2013-11-18 21:16:03','2013-11-18 21:16:03','2013-11-18 21:16:03','cef command','2013-11-18 21:16:03','khavi vetali',12,1,'2013-11-15 19:30:03',NULL,NULL,NULL,NULL,NULL,NULL,NULL,NULL,NULL,NULL,'<span class=\"green\">1,834,910cbills was stolen from planet sutama</span><br><span class=\"green\">cef command gained -11,658,851cbills in earnings and salvaged parts/data/supplies/etc.</span><br><span class=\"green\">khavi vetali gained 34,976,553cbills in earnings and salvaged parts/data/supplies/etc.</span><br><span class=\"green\">crazyhorse gained 8,521,045cbills in earnings and salvaged parts/data/supplies/etc.</span><br><span class=\"green\">cef command gained 11,213,378cbills for hiring a mercenary.</span><br>',0),(757,'deadfire','khavi vetali','vega','2013-11-15 18:28:11','2013-11-19 04:00:10','2013-11-22 03:10:39','2013-11-22 03:15:09','2013-11-22 03:15:09','deadfire','2013-11-22 03:15:09',NULL,0,0,NULL,NULL,NULL,NULL,NULL,'http://i.imgur.com/vtiYYGL.jpg',NULL,'','2 HBK-4G, 2 HBK-4P, 3 JR7-D, 1 RVN-3L, 2 HBK-4H, 1 SHD-5M, 1 SHD-2H',NULL,NULL,'<span class=\"red\">khavi vetali lost 1 HBK-4G</span><br><span class=\"green\">deadfire salvaged HBK-4G</span><br><span class=\"red\">khavi vetali lost 1 HBK-4G</span><br><span class=\"green\">deadfire salvaged HBK-4G</span><br><span class=\"red\">khavi vetali lost 1 JR7-D</span><br><span class=\"green\">deadfire salvaged JR7-D</span><br><span class=\"red\">khavi vetali lost 1 JR7-D</span><br><span class=\"green\">deadfire salvaged JR7-D</span><br><span class=\"red\">khavi vetali lost 1 RVN-3L</span><br><span class=\"green\">deadfire salvaged RVN-3L</span><br><span class=\"red\">khavi vetali lost 1 HBK-4H</span><br><span class=\"green\">deadfire salvaged HBK-4H</span><br><span class=\"red\">khavi vetali lost 1 SHD-2H</span><br><span class=\"green\">deadfire salvaged SHD-2H</span><br><span class=\"green\">496,123cbills was stolen from planet vega</span><br><span class=\"green\">deadfire gained 45,841,810cbills in earnings and salvaged parts/data/supplies/etc.</span><br><span class=\"green\">khavi vetali gained 5,080,388cbills in earnings and salvaged parts/data/supplies/etc.</span><br><span class=\"green\">1 RVN-3L were sold for 4,207,550cbills. Unable to find room for them.</span><br><span class=\"green\">1 HBK-4H were sold for 2,701,582cbills. Unable to find room for them.</span><br><span class=\"green\">1 SHD-2H were sold for 7,578,698cbills. Unable to find room for them.</span><br><span class=\"green\">deadfire captured planet vega and 4,465,107cbills and all mechs stationed there</span><br>',0),(758,'vas79','3rdworld','shitara','2013-11-15 23:59:08','2013-11-17 20:54:17','2013-11-23 03:40:28','2013-11-23 03:43:36','2013-11-23 03:43:36','3rdworld','2013-11-23 03:43:36',NULL,0,0,NULL,NULL,NULL,NULL,NULL,'http://i.imgur.com/39PjEEM.png',NULL,'1 DGN-1N, 1 DGN-1C, 2 TDR-9SE, 2 JR7-D, 2 JR7-K, 2 JR7-F, 2 HBK-4G','0 BLR-1G, 0 CTF-IM, 0 JM6-S, 0 AS7-RS, 0 AS7-D, 0 JR7-K, 0 HBK-4SP',NULL,NULL,'<span class=\"red\">vas79 lost 1 DGN-1C</span><br><span class=\"red\">vas79 lost 1 TDR-9SE</span><br><span class=\"green\">3rdworld salvaged TDR-9SE</span><br><span class=\"red\">vas79 lost 1 JR7-D</span><br><span class=\"green\">3rdworld salvaged JR7-D</span><br><span class=\"red\">vas79 lost 1 JR7-K</span><br><span class=\"red\">vas79 lost 1 JR7-K</span><br><span class=\"red\">vas79 lost 1 JR7-F</span><br><span class=\"green\">vas79 gained 0cbills in earnings and salvaged parts/data/supplies/etc.</span><br><span class=\"green\">3rdworld gained 45,845,028cbills in earnings and salvaged parts/data/supplies/etc.</span><br><span class=\"green\">3rdworld captured dropship 142 from vas79 and all mechs onboard</span><br>',0),(759,'vas79','kwea','new oslo','2013-11-16 00:04:07','2013-11-19 03:02:26','2013-11-19 03:02:26','2013-11-19 03:02:26','2013-11-19 03:02:26','vas79','2013-11-19 03:02:26',NULL,0,0,NULL,NULL,NULL,NULL,NULL,NULL,NULL,NULL,NULL,NULL,NULL,'<span class=\"red\">kwea lost a LCT-3M</span><br><span class=\"red\">kwea lost a TDR-5S</span><br><span class=\"red\">kwea lost a TDR-5S</span><br><span class=\"red\">kwea lost a DGN-FA</span><br><span class=\"red\">kwea lost a LCT-3M</span><br><span class=\"red\">kwea lost a DGN-FA</span><br><span class=\"green\">677,693cbills was stolen from planet new oslo</span><br><span class=\"green\">vas79 gained 26,632,827cbills in earnings and salvaged parts/data/supplies/etc.</span><br><span class=\"green\">kwea gained 8,969,799cbills in earnings and salvaged parts/data/supplies/etc.</span><br><span class=\"green\">vas79 captured dropship  from kwea and all mechs onboard</span><br>',0),(760,'3rdworld','krazypoloc','woodstock','2013-11-16 00:23:39','2013-11-24 07:36:59','2013-11-24 07:36:59','2013-11-24 07:36:59','2013-11-24 07:36:59','3rdworld','2013-11-24 07:36:59','gman129',12,1,'2013-11-20 16:00:40',NULL,NULL,NULL,NULL,NULL,NULL,NULL,NULL,NULL,NULL,'<span class=\"green\">1,743,106cbills was stolen from planet woodstock</span><br><span class=\"green\">3rdworld gained -12,837,769cbills in earnings and salvaged parts/data/supplies/etc.</span><br><span class=\"green\">gman129 gained 38,513,308cbills in earnings and salvaged parts/data/supplies/etc.</span><br><span class=\"green\">krazypoloc gained -2,213,795cbills in earnings and salvaged parts/data/supplies/etc.</span><br><span class=\"green\">3rdworld gained 9,283,357cbills for hiring a mercenary.</span><br>',0),(762,'blackwindlancers','aylward','second try','2013-11-16 06:05:03','2013-11-20 07:55:56','2013-11-20 07:55:56','2013-11-20 07:55:56','2013-11-20 07:55:56','blackwindlancers','2013-11-20 07:55:56',NULL,0,0,NULL,NULL,12,NULL,'blackstoneknights',NULL,NULL,NULL,NULL,NULL,NULL,'<span class=\"red\">aylward lost a HGN-HM</span><br><span class=\"red\">aylward lost a CPLT-C1</span><br><span class=\"red\">aylward lost a CPLT-C1</span><br><span class=\"red\">aylward lost a CPLT-C1</span><br><span class=\"red\">aylward lost a CPLT-K2</span><br><span class=\"red\">aylward lost a CPLT-K2</span><br><span class=\"green\">1,662,976cbills was stolen from planet second try</span><br><span class=\"green\">blackwindlancers gained 24,107,088cbills in earnings and salvaged parts/data/supplies/etc.</span><br><span class=\"green\">aylward gained -2,129,495cbills in earnings and salvaged parts/data/supplies/etc.</span><br><span class=\"green\">blackwindlancers captured dropship  from aylward and all mechs onboard</span><br>',0),(763,'blackwindlancers','blackstoneknights','second try','2013-11-16 06:09:26','2013-12-02 08:21:45',NULL,NULL,NULL,NULL,'2013-11-16 06:09:26',NULL,0,0,NULL,NULL,NULL,NULL,NULL,NULL,NULL,NULL,NULL,NULL,NULL,NULL,0),(764,'dankith','bongfu','radlje','2013-11-16 18:52:54','2013-11-20 23:06:24','2013-11-20 23:06:24','2013-11-20 23:06:24','2013-11-20 23:06:24','dankith','2013-11-20 23:06:24',NULL,0,0,NULL,NULL,NULL,NULL,NULL,NULL,NULL,NULL,NULL,NULL,NULL,'<span class=\"green\">749,554cbills was stolen from planet radlje</span><br><span class=\"green\">dankith gained 23,539,039cbills in earnings and salvaged parts/data/supplies/etc.</span><br><span class=\"green\">bongfu gained -1,323,304cbills in earnings and salvaged parts/data/supplies/etc.</span><br>',0),(766,'3rdworld','krazypoloc','berenson','2013-11-17 22:44:07','2013-12-02 07:35:54',NULL,NULL,NULL,NULL,'2013-11-17 22:44:07','gman129',12,1,'2013-11-20 16:01:40',NULL,NULL,NULL,NULL,NULL,NULL,NULL,NULL,NULL,NULL,NULL,0),(769,'talkpolite','hrunting','chukchi iii','2013-11-18 23:16:09','2013-11-19 06:34:55','2013-11-26 03:54:52','2013-11-26 04:21:17','2013-11-26 04:21:17','talkpolite','2013-11-26 04:21:17',NULL,0,0,NULL,1,12,'2013-11-19 21:38:41','khavi vetali','http://s969.photobucket.com/user/lpmagic/media/ScreenShot0049_zps207d255e.jpg.html',NULL,'2 AS7-K, 1 JM6-FB','',NULL,'1 AS7-D, 1 AS7-D-DC, 1 VTR-9K, 1 VTR-9B, 1 CTF-IM','<span class=\"red\">khavi vetali lost 1 AS7-D-DC</span><br><span class=\"green\">talkpolite salvaged AS7-D-DC</span><br><span class=\"red\">khavi vetali lost 1 CTF-IM</span><br><span class=\"green\">talkpolite salvaged CTF-IM</span><br><span class=\"green\">talkpolite stole 8,076,498cbills during base capture</span><br><span class=\"green\">1,754,950cbills was stolen from planet chukchi iii</span><br><span class=\"green\">talkpolite gained 35,074,083cbills in earnings and salvaged parts/data/supplies/etc.</span><br><span class=\"green\">hrunting gained 11,201,270cbills in earnings and salvaged parts/data/supplies/etc.</span><br><span class=\"green\">khavi vetali gained 677,164cbills in earnings and salvaged parts/data/supplies/etc.</span><br><span class=\"green\">hrunting gained 11,224,418cbills for hiring a mercenary.</span><br>',0),(770,'cef command','crazyhorse','baldur','2013-11-19 01:01:05','2013-12-03 10:40:11',NULL,NULL,NULL,NULL,'2013-11-19 01:01:05','khavi vetali',12,1,'2013-11-19 02:23:13',NULL,NULL,NULL,NULL,NULL,NULL,NULL,NULL,NULL,NULL,NULL,0),(771,'vas79','djo_maverick','chatham','2013-11-19 04:14:14','2013-11-21 04:05:32','2013-11-27 03:50:00','2013-11-27 03:52:46','2013-11-27 03:52:46','djo_maverick','2013-11-27 03:52:46',NULL,0,0,NULL,NULL,NULL,NULL,NULL,'http://i1334.photobucket.com/albums/w642/bcrowston/ScreenShot0036_zps11c36726.jpg',NULL,'1 HGN-733C, 2 TDR-5S, 2 HBK-4SP, 1 HBK-4P, 1 SHD-2D2, 1 SHD-5M, 1 JR7-K, 1 JR7-D, 1 JR7-F, 1 RVN-3L','2 ON1-K, 1 ON1-V, 1 JR7-K, 2 JR7-D, 1 AS7-D-DC',NULL,NULL,'<span class=\"red\">vas79 lost 1 HBK-4SP</span><br><span class=\"red\">vas79 lost 1 HBK-4P</span><br><span class=\"red\">vas79 lost 1 SHD-5M</span><br><span class=\"red\">vas79 lost 1 JR7-F</span><br><span class=\"green\">djo_maverick salvaged JR7-F</span><br><span class=\"red\">djo_maverick lost 1 ON1-K</span><br><span class=\"green\">vas79 salvaged ON1-K</span><br><span class=\"red\">djo_maverick lost 1 ON1-V</span><br><span class=\"green\">vas79 salvaged ON1-V</span><br><span class=\"red\">djo_maverick lost 1 JR7-K</span><br><span class=\"green\">vas79 salvaged JR7-K</span><br><span class=\"red\">djo_maverick lost 1 JR7-D</span><br><span class=\"green\">vas79 salvaged JR7-D</span><br><span class=\"red\">djo_maverick lost 1 JR7-D</span><br><span class=\"green\">vas79 salvaged JR7-D</span><br><span class=\"red\">djo_maverick lost 1 AS7-D-DC</span><br><span class=\"green\">vas79 salvaged AS7-D-DC</span><br><span class=\"green\">vas79 gained 31,348,239cbills in earnings and salvaged parts/data/supplies/etc.</span><br><span class=\"green\">djo_maverick gained 52,576,052cbills in earnings and salvaged parts/data/supplies/etc.</span><br>',1),(774,'3rdworld','krazypoloc','genoa','2013-11-19 20:32:06','2013-11-24 07:34:37','2013-11-24 07:34:37','2013-11-24 07:34:37','2013-11-24 07:34:37','3rdworld','2013-11-24 07:34:37','will hellfire',12,1,'2013-11-22 20:41:30',NULL,NULL,NULL,NULL,NULL,NULL,NULL,NULL,NULL,NULL,'<span class=\"green\">2,531,942cbills was stolen from planet genoa</span><br><span class=\"green\">3rdworld gained -14,606,606cbills in earnings and salvaged parts/data/supplies/etc.</span><br><span class=\"green\">will hellfire gained 43,819,819cbills in earnings and salvaged parts/data/supplies/etc.</span><br><span class=\"green\">krazypoloc gained -3,019,627cbills in earnings and salvaged parts/data/supplies/etc.</span><br><span class=\"green\">3rdworld gained 8,492,989cbills for hiring a mercenary.</span><br>',0),(783,'3rdworld','krazypoloc','remulac','2013-11-22 04:49:11','2013-11-24 01:46:51','2013-11-24 01:47:21','2013-11-24 01:48:33','2013-11-24 01:48:33','Tie','2013-11-24 01:48:33',NULL,0,0,NULL,NULL,NULL,NULL,NULL,'http://cf.sarna.net/data/planets/iscs/iscs_3040.20020918.jpg',NULL,'','',NULL,NULL,'<span class=\"green\">3rdworld gained 0cbills in earnings and salvaged parts/data/supplies/etc.</span><br><span class=\"green\">krazypoloc gained 0cbills in earnings and salvaged parts/data/supplies/etc.</span><br>',0),(784,'djo_maverick','vas79','asgard','2013-11-22 17:38:15',NULL,NULL,NULL,NULL,NULL,'2013-11-22 17:38:15','crazyhorse',12,1,'2013-11-25 00:02:50',NULL,NULL,NULL,NULL,NULL,NULL,NULL,NULL,NULL,NULL,NULL,0),(789,'3rdworld','hrunting','chaffee','2013-11-24 05:02:27','2013-12-05 10:26:31',NULL,NULL,NULL,NULL,'2013-11-24 05:02:27',NULL,0,0,NULL,NULL,NULL,NULL,NULL,NULL,NULL,NULL,NULL,NULL,NULL,NULL,0),(790,'3rdworld','hrunting','chaffee','2013-11-24 05:05:22','2013-12-05 10:33:39',NULL,NULL,NULL,NULL,'2013-11-24 05:05:22',NULL,0,0,NULL,NULL,NULL,NULL,NULL,NULL,NULL,NULL,NULL,NULL,NULL,NULL,0),(791,'blackwindlancers','aylward','menkar','2013-11-24 18:58:50',NULL,NULL,NULL,NULL,NULL,'2013-11-24 18:58:50','will hellfire',12,1,'2013-11-26 21:12:19',NULL,NULL,NULL,NULL,NULL,NULL,NULL,NULL,NULL,NULL,NULL,0),(792,'vas79','djo_maverick','edensburg','2013-11-25 04:46:10','2013-12-04 16:46:18',NULL,NULL,NULL,NULL,'2013-11-25 04:46:10',NULL,0,0,NULL,NULL,NULL,NULL,NULL,NULL,NULL,NULL,NULL,NULL,NULL,NULL,0),(793,'3rdworld','hrunting','smolnik','2013-11-25 05:06:46','2013-12-05 12:01:06',NULL,NULL,NULL,NULL,'2013-11-25 05:06:46',NULL,0,0,NULL,NULL,NULL,NULL,NULL,NULL,NULL,NULL,NULL,NULL,NULL,NULL,0),(794,'deadfire','hrunting','biuque','2013-11-25 09:01:19',NULL,NULL,NULL,NULL,NULL,'2013-11-25 09:01:19',NULL,0,0,NULL,NULL,0,NULL,NULL,NULL,NULL,NULL,NULL,NULL,NULL,NULL,0),(795,'deadfire','hrunting','krievci','2013-11-25 09:06:42',NULL,NULL,NULL,NULL,NULL,'2013-11-25 09:06:42',NULL,0,0,NULL,NULL,0,NULL,NULL,NULL,NULL,NULL,NULL,NULL,NULL,NULL,0),(796,'deadfire','hrunting','upano','2013-11-25 09:07:34','2013-11-25 18:01:35',NULL,NULL,NULL,NULL,'2013-11-25 09:07:34',NULL,0,0,NULL,1,12,'2013-11-28 07:13:49','khavi vetali',NULL,NULL,NULL,NULL,NULL,NULL,NULL,0),(797,'deadfire','hrunting','saravan','2013-11-25 09:08:20','2013-11-28 06:38:17',NULL,NULL,NULL,NULL,'2013-11-25 09:08:20',NULL,0,0,NULL,NULL,NULL,NULL,NULL,NULL,NULL,NULL,NULL,NULL,NULL,NULL,0),(798,'deadfire','hrunting','veckholm','2013-11-25 09:09:18','2013-11-28 06:16:45',NULL,NULL,NULL,NULL,'2013-11-25 09:09:18',NULL,0,0,NULL,NULL,NULL,NULL,NULL,NULL,NULL,NULL,NULL,NULL,NULL,NULL,0),(800,'3rdworld','hrunting','carstairs','2013-11-27 06:12:48','2013-11-28 08:48:52',NULL,NULL,NULL,NULL,'2013-11-27 06:12:48',NULL,0,0,NULL,NULL,12,NULL,'m4rti',NULL,NULL,NULL,NULL,NULL,NULL,NULL,0),(801,'3rdworld','hrunting','hyde','2013-11-28 06:49:26',NULL,NULL,NULL,NULL,NULL,'2013-11-28 06:49:26',NULL,0,0,NULL,NULL,NULL,NULL,NULL,NULL,NULL,NULL,NULL,NULL,NULL,NULL,0),(802,'blackwindlancers','longbowman','atlas','2013-11-28 06:56:40',NULL,NULL,NULL,NULL,NULL,'2013-11-28 06:56:40',NULL,0,0,NULL,NULL,NULL,NULL,NULL,NULL,NULL,NULL,NULL,NULL,NULL,NULL,0);
/*!40000 ALTER TABLE `match` ENABLE KEYS */;
UNLOCK TABLES;

--
-- Table structure for table `match_mech`
--

DROP TABLE IF EXISTS `match_mech`;
/*!40101 SET @saved_cs_client     = @@character_set_client */;
/*!40101 SET character_set_client = utf8 */;
CREATE TABLE `match_mech` (
  `mech` varchar(20) NOT NULL,
  `match_id` int(11) NOT NULL,
  `owner` varchar(25) NOT NULL,
  `quantity` int(11) DEFAULT NULL,
  `dropship_id` int(11) DEFAULT NULL,
  `planet_name` varchar(50) DEFAULT NULL
) ENGINE=InnoDB DEFAULT CHARSET=latin1;
/*!40101 SET character_set_client = @saved_cs_client */;

--
-- Dumping data for table `match_mech`
--

LOCK TABLES `match_mech` WRITE;
/*!40000 ALTER TABLE `match_mech` DISABLE KEYS */;
INSERT INTO `match_mech` VALUES ('BJ-1',752,'crazyhorse',2,138,NULL),('JR7-F',752,'crazyhorse',3,138,NULL),('SDR-5D',752,'crazyhorse',1,138,NULL),('AS7-D',752,'crazyhorse',1,138,NULL),('AS7-D-DC',752,'crazyhorse',1,138,NULL),('HGN-733P',752,'crazyhorse',1,138,NULL),('KTO-19',752,'crazyhorse',2,138,NULL),('QKD-4H',752,'crazyhorse',1,138,NULL),('HGN-HM',763,'blackwindlancers',1,176,NULL),('RVN-3L',763,'blackwindlancers',1,176,NULL),('JR7-K',763,'blackwindlancers',2,176,NULL),('CTF-4X',763,'blackwindlancers',1,176,NULL),('STK-M',763,'blackwindlancers',3,176,NULL),('TBT-7K',763,'blackwindlancers',3,176,NULL),('QKD-4G',763,'blackwindlancers',1,176,NULL),('AS7-D-DC',763,'blackstoneknights',2,163,NULL),('AS7-RS',763,'blackstoneknights',2,163,NULL),('CTF-3D',763,'blackstoneknights',6,163,NULL),('RVN-3L',763,'blackstoneknights',2,163,NULL),('CPLT-C1',752,'cef command',1,NULL,'marlowes rift'),('CPLT-J',752,'cef command',1,NULL,'marlowes rift'),('CPLT-K2',752,'cef command',2,NULL,'marlowes rift'),('HBK-4P',752,'cef command',1,NULL,'marlowes rift'),('HBK-4SP',752,'cef command',2,NULL,'marlowes rift'),('LCT-3M',752,'cef command',1,NULL,'marlowes rift'),('STK-3H',752,'cef command',1,NULL,'marlowes rift'),('STK-4N',752,'cef command',1,NULL,'marlowes rift'),('STK-5S',752,'cef command',1,NULL,'marlowes rift'),('LCT-3S',752,'cef command',1,NULL,'marlowes rift'),('JR7-F',770,'khavi vetali',2,153,NULL),('JR7-D',770,'khavi vetali',1,153,NULL),('JR7-K',770,'khavi vetali',1,153,NULL),('JM6-S',770,'khavi vetali',2,153,NULL),('CTF-3D',770,'khavi vetali',2,153,NULL),('AS7-D-DC',770,'khavi vetali',1,153,NULL),('AS7-D',770,'khavi vetali',1,153,NULL),('STK-3F',770,'khavi vetali',2,153,NULL),('COM-3A',779,'test01',9,185,NULL),('AWS-PB',779,'test01',3,185,NULL),('SHD-2D2',766,'gman129',4,158,NULL),('AS7-D-DC',766,'gman129',1,158,NULL),('CDA-2A',766,'gman129',2,157,NULL),('CDA-3M',766,'gman129',1,157,NULL),('HGN-732',766,'gman129',2,157,NULL),('HGN-733C',766,'gman129',2,157,NULL),('AS7-D',770,'crazyhorse',1,NULL,'baldur'),('AS7-D-DC',770,'crazyhorse',1,NULL,'baldur'),('AS7-RS',770,'crazyhorse',1,NULL,'baldur'),('JM6-DD',770,'crazyhorse',2,NULL,'baldur'),('JM6-S',770,'crazyhorse',2,NULL,'baldur'),('KTO-19',770,'crazyhorse',2,NULL,'baldur'),('JR7-F',770,'crazyhorse',2,NULL,'baldur'),('HGN-733C',770,'crazyhorse',1,NULL,'baldur'),('CTF-3D',789,'3rdworld',3,133,NULL),('HGN-733C',789,'3rdworld',3,133,NULL),('JR7-F',789,'3rdworld',2,133,NULL),('SHD-2H',789,'3rdworld',1,133,NULL),('AWS-8Q',789,'3rdworld',1,133,NULL),('TDR-5SS',789,'3rdworld',1,133,NULL),('CDA-2A',789,'3rdworld',1,133,NULL),('CN9-A',790,'3rdworld',1,133,NULL),('CTF-3D',790,'3rdworld',4,133,NULL),('HGN-733C',790,'3rdworld',2,133,NULL),('JR7-F',790,'3rdworld',1,133,NULL),('BJ-1DC',790,'3rdworld',1,133,NULL),('BLR-1G',790,'3rdworld',1,133,NULL),('CDA-2A',790,'3rdworld',1,133,NULL),('HGN-732',790,'3rdworld',1,133,NULL),('JR7-F',766,'krazypoloc',4,NULL,'berenson'),('JR7-D',766,'krazypoloc',4,NULL,'berenson'),('QKD-4H',766,'krazypoloc',2,NULL,'berenson'),('QKD-4G',766,'krazypoloc',1,NULL,'berenson'),('QKD-5K',766,'krazypoloc',1,NULL,'berenson'),('HGN-733',784,'crazyhorse',1,139,NULL),('AS7-D-DC',784,'crazyhorse',1,139,NULL),('JR7-F',784,'crazyhorse',2,139,NULL),('CN9-AL',784,'crazyhorse',1,139,NULL),('BJ-1',784,'crazyhorse',2,139,NULL),('HGN-733C',784,'crazyhorse',1,139,NULL),('KTO-18',784,'crazyhorse',2,139,NULL),('AS7-RS',784,'crazyhorse',1,139,NULL),('AS7-D',784,'crazyhorse',1,139,NULL),('HBK-4G',792,'vas79',2,143,NULL),('CPLT-K2',792,'vas79',1,143,NULL),('HBK-4P',792,'vas79',1,143,NULL),('JR7-D',792,'vas79',1,143,NULL),('JR7-F',792,'vas79',1,143,NULL),('JR7-K',792,'vas79',1,143,NULL),('ON1-K',792,'vas79',2,143,NULL),('ON1-PR',792,'vas79',1,143,NULL),('ON1-M',792,'vas79',2,143,NULL),('CTF-3D',793,'3rdworld',3,159,NULL),('JR7-F',793,'3rdworld',3,159,NULL),('HGN-733C',793,'3rdworld',3,159,NULL),('AWS-8Q',793,'3rdworld',1,159,NULL),('HBK-4P',793,'3rdworld',1,159,NULL),('CDA-2A',793,'3rdworld',1,159,NULL),('SHD-5M',794,'deadfire',4,145,NULL),('COM-1B',794,'deadfire',1,145,NULL),('COM-2D',794,'deadfire',1,145,NULL),('COM-DK',794,'deadfire',3,145,NULL),('SDR-5D',794,'deadfire',2,145,NULL),('CPLT-A1',794,'deadfire',1,145,NULL),('SHD-5M',795,'deadfire',4,145,NULL),('SDR-5D',795,'deadfire',1,146,NULL),('CPLT-K2',795,'deadfire',1,146,NULL),('CTF-IM',795,'deadfire',1,146,NULL),('HBK-4H',795,'deadfire',1,146,NULL),('JR7-D',795,'deadfire',1,146,NULL),('JR7-K',795,'deadfire',1,147,NULL),('JR7-K',795,'deadfire',1,179,NULL),('SDR-5D',795,'deadfire',1,179,NULL),('ON1-PR',796,'deadfire',2,179,NULL),('HGN-733C',796,'deadfire',2,179,NULL),('JR7-F',796,'deadfire',2,179,NULL),('SHD-2H',796,'deadfire',2,179,NULL),('ON1-K',796,'deadfire',2,179,NULL),('VTR-9K',796,'deadfire',1,179,NULL),('VTR-DS',796,'deadfire',1,179,NULL),('VTR-DS',797,'deadfire',2,147,NULL),('HGN-733C',797,'deadfire',2,147,NULL),('HGN-733P',797,'deadfire',2,147,NULL),('JR7-F',797,'deadfire',2,147,NULL),('SDR-5D',797,'deadfire',2,147,NULL),('AS7-D',797,'deadfire',2,147,NULL),('CPLT-K2',798,'deadfire',2,146,NULL),('AS7-D-DC',798,'deadfire',1,146,NULL),('JM6-DD',798,'deadfire',1,146,NULL),('JM6-FB',798,'deadfire',2,146,NULL),('SHD-2H',798,'deadfire',1,146,NULL),('SDR-5K',798,'deadfire',2,146,NULL),('HBK-4G',798,'deadfire',1,146,NULL),('JR7-D',798,'deadfire',1,146,NULL),('JR7-D',798,'deadfire',1,147,NULL),('STK-5M',791,'will hellfire',1,182,NULL),('STK-3F',791,'will hellfire',1,182,NULL),('CPLT-K2',791,'will hellfire',2,182,NULL),('VTR-9B',791,'will hellfire',1,182,NULL),('SHD-5M',791,'will hellfire',2,182,NULL),('VTR-9S',791,'will hellfire',3,182,NULL),('CN9-AL',791,'will hellfire',2,182,NULL),('BLR-1G',792,'djo_maverick',3,NULL,'edensburg'),('BLR-1D',792,'djo_maverick',1,NULL,'edensburg'),('CN9-YLW',792,'djo_maverick',2,NULL,'edensburg'),('CN9-D',792,'djo_maverick',2,NULL,'edensburg'),('SHD-5M',792,'djo_maverick',1,NULL,'edensburg'),('CN9-A',792,'djo_maverick',2,NULL,'edensburg'),('SHD-2H',792,'djo_maverick',1,NULL,'edensburg'),('AS7-D',800,'3rdworld',1,142,NULL),('AS7-RS',800,'3rdworld',1,142,NULL),('BLR-1G',800,'3rdworld',1,142,NULL),('CTF-IM',800,'3rdworld',2,142,NULL),('HBK-4P',800,'3rdworld',2,142,NULL),('JM6-S',800,'3rdworld',1,142,NULL),('JR7-D',800,'3rdworld',1,142,NULL),('JR7-F',800,'3rdworld',1,142,NULL),('JR7-K',800,'3rdworld',1,142,NULL),('HBK-4SP',800,'3rdworld',1,142,NULL),('KTO-18',789,'hrunting',3,NULL,'chaffee'),('JM6-S',789,'hrunting',4,NULL,'chaffee'),('AS7-D-DC',789,'hrunting',3,NULL,'chaffee'),('AS7-BH',789,'hrunting',1,NULL,'chaffee'),('CDA-3M',789,'hrunting',1,NULL,'chaffee'),('CDA-3M',790,'hrunting',2,155,NULL),('AS7-BH',790,'hrunting',1,155,NULL),('JM6-S',790,'hrunting',3,155,NULL),('AS7-D-DC',790,'hrunting',2,155,NULL),('KTO-19',790,'hrunting',2,155,NULL),('AS7-RS',790,'hrunting',2,155,NULL),('AS7-BH',793,'hrunting',1,NULL,'smolnik'),('AS7-D',793,'hrunting',2,NULL,'smolnik'),('AS7-D-DC',793,'hrunting',2,NULL,'smolnik'),('VTR-9S',793,'hrunting',1,NULL,'smolnik'),('CTF-IM',793,'hrunting',1,NULL,'smolnik'),('CTF-1X',793,'hrunting',2,NULL,'smolnik'),('CDA-3M',793,'hrunting',1,NULL,'smolnik'),('SDR-5D',793,'hrunting',2,NULL,'smolnik'),('COM-2D',798,'hrunting',2,NULL,'veckholm'),('CPLT-A1',798,'hrunting',3,NULL,'veckholm'),('KTO-18',798,'hrunting',4,NULL,'veckholm'),('KTO-19',798,'hrunting',3,NULL,'veckholm'),('JM6-S',797,'hrunting',6,NULL,'saravan'),('JM6-FB',797,'hrunting',1,NULL,'saravan'),('JM6-A',797,'hrunting',3,NULL,'saravan'),('JM6-DD',797,'hrunting',2,NULL,'saravan'),('JR7-F',801,'3rdworld',3,174,NULL),('CDA-2A',801,'3rdworld',1,174,NULL),('HBK-4G',801,'3rdworld',1,174,NULL),('CTF-3D',801,'3rdworld',3,174,NULL),('HGN-733C',801,'3rdworld',3,174,NULL),('SHD-2H',801,'3rdworld',1,174,NULL),('HGN-HM',802,'blackwindlancers',3,180,NULL),('CDA-X5',802,'blackwindlancers',3,180,NULL),('BLR-1D',802,'blackwindlancers',2,180,NULL),('SHD-2H',802,'blackwindlancers',2,180,NULL),('CN9-YLW',802,'blackwindlancers',1,180,NULL),('CTF-1X',802,'blackwindlancers',1,180,NULL);
/*!40000 ALTER TABLE `match_mech` ENABLE KEYS */;
UNLOCK TABLES;

--
-- Table structure for table `mech`
--

DROP TABLE IF EXISTS `mech`;
/*!40101 SET @saved_cs_client     = @@character_set_client */;
/*!40101 SET character_set_client = utf8 */;
CREATE TABLE `mech` (
  `mech` varchar(20) NOT NULL,
  `username` varchar(25) NOT NULL,
  `quantity` int(11) NOT NULL,
  `dropship_id` int(11) DEFAULT NULL,
  `planet_name` varchar(50) DEFAULT NULL
) ENGINE=InnoDB DEFAULT CHARSET=latin1;
/*!40101 SET character_set_client = @saved_cs_client */;

--
-- Dumping data for table `mech`
--

LOCK TABLES `mech` WRITE;
/*!40000 ALTER TABLE `mech` DISABLE KEYS */;
INSERT INTO `mech` VALUES ('BJ-1','antares',4,134,NULL),('SHD-2D2','antares',2,134,NULL),('CTF-3D','antares',3,134,NULL),('CDA-3M','antares',1,134,NULL),('HGN-733','crazyhorse',1,139,NULL),('HBK-4SP','crazyhorse',2,139,NULL),('CN9-A','crazyhorse',2,138,NULL),('CN9-AL','crazyhorse',2,138,NULL),('VTR-9B','canuck307',3,NULL,'montmarault'),('VTR-9S','canuck307',6,NULL,'montmarault'),('SHD-2D2','crazyhorse',2,138,NULL),('CN9-AL','antares',1,NULL,'vantaa'),('CTF-4X','antares',1,NULL,'vantaa'),('COM-1B','antares',1,NULL,'vantaa'),('AS7-RS','antares',1,NULL,'vantaa'),('HGN-732','antares',1,NULL,'vantaa'),('ON1-V','antares',1,NULL,'vantaa'),('JM6-A','antares',1,NULL,'vantaa'),('ON1-VA','antares',1,NULL,'vantaa'),('HGN-733','antares',1,NULL,'vantaa'),('STK-3F','antares',1,NULL,'vantaa'),('BJ-3','antares',1,NULL,'vantaa'),('CN9-A','dankith',1,NULL,'hainfield'),('CN9-AL','dankith',1,NULL,'hainfield'),('CN9-D','dankith',1,NULL,'hainfield'),('JR7-F','dankith',4,NULL,'maule'),('RVN-3L','dankith',4,NULL,'maule'),('HBK-4J','dankith',2,NULL,'maule'),('HBK-4H','dankith',2,NULL,'maule'),('HBK-4P','dankith',2,NULL,'maule'),('HBK-4SP','dankith',2,NULL,'maule'),('VTR-9B','antares',5,134,NULL),('CN9-A','crazyhorse',2,139,NULL),('BJ-1','crazyhorse',2,138,NULL),('BJ-1DC','crazyhorse',2,138,NULL),('JR7-F','crazyhorse',1,138,NULL),('JR7-K','crazyhorse',2,138,NULL),('SDR-5D','crazyhorse',2,138,NULL),('SHD-5M','dankith',2,NULL,'radstadt'),('TDR-9SE','dankith',2,NULL,'radstadt'),('CN9-YLW','antares',2,134,NULL),('JM6-S','antares',3,134,NULL),('VTR-9S','antares',4,134,NULL),('HGN-HM','canuck307',1,NULL,'montmarault'),('AS7-D','antares',1,NULL,'winfield'),('BJ-1','antares',2,NULL,'winfield'),('JM6-A','antares',2,NULL,'winfield'),('JR7-K','antares',2,NULL,'winfield'),('SDR-5D','antares',2,NULL,'winfield'),('STK-M','antares',1,NULL,'winfield'),('CDA-2A','antares',1,NULL,'winfield'),('CDA-2B','antares',2,NULL,'winfield'),('CTF-4X','antares',1,NULL,'winfield'),('STK-3H','antares',1,NULL,'winfield'),('TBT-7M','antares',1,NULL,'winfield'),('VTR-9K','antares',2,NULL,'winfield'),('CTF-2X','antares',1,NULL,'winfield'),('COM-2D','antares',1,NULL,'winfield'),('KTO-20','antares',1,NULL,'winfield'),('TBT-5J','antares',1,NULL,'winfield'),('ON1-V','antares',1,NULL,'winfield'),('CN9-A','mech79',6,NULL,'aix-la-chapelle'),('CN9-YLW','mech79',4,NULL,'aix-la-chapelle'),('SHD-2D2','mech79',2,NULL,'aix-la-chapelle'),('SHD-5M','mech79',2,NULL,'aix-la-chapelle'),('SDR-5D','antares',2,134,NULL),('VTR-DS','antares',1,NULL,'vantaa'),('CDA-2A','antares',1,NULL,'vantaa'),('CDA-2B','antares',1,NULL,'vantaa'),('COM-1D','antares',1,NULL,'vantaa'),('VTR-9B','canuck307',4,151,NULL),('VTR-9S','canuck307',4,151,NULL),('COM-2D','hrunting',4,NULL,'carstairs'),('HGN-HM','krazypoloc',3,NULL,'summer'),('BJ-1DC','krazypoloc',2,NULL,'summer'),('SHD-5M','krazypoloc',1,NULL,'summer'),('AS7-D-DC','mech79',3,141,NULL),('AS7-D','mech79',2,141,NULL),('KTO-19','mech79',2,141,NULL),('TDR-5SS','mech79',4,141,NULL),('JR7-F','mech79',4,141,NULL),('AS7-D','hrunting',3,NULL,'tharkad'),('CDA-3M','hrunting',4,NULL,'tharkad'),('RVN-4X','blackwindlancers',3,168,NULL),('CN9-AL','blackwindlancers',1,168,NULL),('CN9-YLW','blackwindlancers',1,168,NULL),('SHD-5M','blackwindlancers',3,168,NULL),('CDA-3C','blackwindlancers',2,168,NULL),('RVN-3L','aylward',1,NULL,'bell'),('RVN-2X','aylward',1,NULL,'bell'),('KTO-BOY','aylward',4,NULL,'bethel'),('KTO-20','aylward',2,NULL,'bethel'),('BLR-1G','mech79',6,141,NULL),('CDA-2A','blackwindlancers',1,168,NULL),('LCT-3M','crazyhorse',4,NULL,'benjamin'),('JR7-F','crazyhorse',2,NULL,'benjamin'),('JR7-K','crazyhorse',2,NULL,'benjamin'),('AS7-RS','blackstoneknights',1,163,NULL),('CTF-IM','blackstoneknights',2,163,NULL),('RVN-3L','blackstoneknights',1,163,NULL),('TBT-7M','antares',1,134,NULL),('JR7-K','antares',3,134,NULL),('JR7-D','khavi vetali',1,152,NULL),('SDR-5D','khavi vetali',1,152,NULL),('SDR-5D','khavi vetali',1,153,NULL),('BLR-1G','khavi vetali',1,152,NULL),('QKD-5K','khavi vetali',1,152,NULL),('DGN-5N','khavi vetali',1,153,NULL),('DGN-1C','khavi vetali',1,153,NULL),('DGN-1C','khavi vetali',1,152,NULL),('DGN-5N','khavi vetali',1,152,NULL),('CTF-1X','hrunting',1,167,NULL),('VTR-9S','blackstoneknights',2,163,NULL),('HGN-733C','m4rti',4,161,NULL),('CPLT-A1','m4rti',2,161,NULL),('CPLT-K2','m4rti',6,161,NULL),('SDR-5D','m4rti',4,161,NULL),('COM-3A','talkpolite',4,NULL,'charhar'),('CPLT-C1','talkpolite',2,NULL,'charhar'),('CN9-YLW','talkpolite',1,NULL,'charhar'),('CDA-3M','hrunting',3,167,NULL),('KTO-BOY','hrunting',1,155,NULL),('CN9-A','dankith',2,NULL,'port moseby'),('CN9-AL','dankith',2,NULL,'port moseby'),('CN9-D','dankith',2,NULL,'port moseby'),('RVN-3L','dankith',2,NULL,'port moseby'),('TDR-5S','dankith',2,NULL,'port moseby'),('COM-2D','hrunting',5,NULL,'veckholm'),('HGN-732','vas79',1,143,NULL),('CPLT-C1','m4rti',2,161,NULL),('BJ-1','3rdworld',1,133,NULL),('BJ-1','krazypoloc',4,NULL,'summer'),('SHD-2D2','krazypoloc',5,NULL,'summer'),('BJ-1X','krazypoloc',2,NULL,'summer'),('TBT-7K','aylward',5,NULL,'bethel'),('HGN-733','blackwindlancers',3,176,NULL),('AS7-D-DC','crazyhorse',1,138,NULL),('BLR-1S','khavi vetali',1,152,NULL),('CDA-3M','khavi vetali',1,152,NULL),('HBK-4SP','dankith',1,131,NULL),('CN9-YLW','dankith',3,131,NULL),('SHD-2H','dankith',6,131,NULL),('CN9-D','dankith',2,131,NULL),('CN9-AL','dankith',2,131,NULL),('CN9-A','dankith',2,131,NULL),('HBK-4P','dankith',1,131,NULL),('JR7-K','dankith',1,131,NULL),('BLR-1G','dankith',1,NULL,'radstadt'),('BLR-1S','dankith',1,NULL,'radstadt'),('TDR-5S','dankith',2,NULL,'radstadt'),('TDR-5SS','dankith',2,NULL,'radstadt'),('CN9-AL','canuck307',4,150,NULL),('CN9-YLW','canuck307',1,150,NULL),('HGN-733C','canuck307',3,150,NULL),('HGN-HM','canuck307',1,150,NULL),('JM6-S','canuck307',1,150,NULL),('JR7-F','canuck307',3,150,NULL),('STK-3F','canuck307',1,150,NULL),('STK-M','canuck307',1,150,NULL),('VTR-9B','canuck307',3,150,NULL),('CTF-4X','talkpolite',2,169,NULL),('CTF-2X','talkpolite',6,169,NULL),('QKD-4H','talkpolite',1,169,NULL),('QKD-5K','talkpolite',2,169,NULL),('TDR-9SE','talkpolite',2,171,NULL),('TDR-9SE','talkpolite',1,NULL,'charhar'),('COM-1B','talkpolite',2,171,NULL),('HGN-733','blackwindlancers',1,168,NULL),('CTF-3D','blackwindlancers',2,168,NULL),('HBK-4H','blackwindlancers',1,180,NULL),('AS7-BH','blackwindlancers',1,180,NULL),('CTF-4X','blackwindlancers',1,180,NULL),('SDR-5D','hrunting',4,155,NULL),('JR7-F','blackstoneknights',2,164,NULL),('JR7-K','blackstoneknights',3,164,NULL),('COM-1D','talkpolite',2,169,NULL),('BLR-1D','dankith',1,NULL,'radstadt'),('HGN-733C','dankith',3,154,NULL),('HGN-732','dankith',3,154,NULL),('CPLT-K2','dankith',3,154,NULL),('HBK-4SP','dankith',6,154,NULL),('HBK-4P','dankith',1,154,NULL),('COM-1B','talkpolite',2,NULL,'charhar'),('COM-1D','talkpolite',2,NULL,'charhar'),('KTO-18','khavi vetali',1,152,NULL),('HBK-4SP','crazyhorse',2,NULL,'hoff'),('JR7-D','crazyhorse',1,NULL,'hoff'),('LCT-3M','crazyhorse',1,NULL,'hoff'),('AS7-D','gman129',1,158,NULL),('CPLT-K2','crazyhorse',2,NULL,'hoff'),('STK-3F','crazyhorse',1,NULL,'hoff'),('STK-5M','crazyhorse',1,NULL,'hoff'),('STK-M','crazyhorse',2,NULL,'hoff'),('SHD-5M','khavi vetali',2,152,NULL),('VTR-9S','khavi vetali',2,153,NULL),('HGN-733C','khavi vetali',1,153,NULL),('HBK-4P','crazyhorse',2,NULL,'hoff'),('HGN-733C','blackstoneknights',2,164,NULL),('HGN-732','blackstoneknights',2,164,NULL),('HBK-4G','vas79',1,144,NULL),('HBK-4P','vas79',1,144,NULL),('SHD-2D2','khavi vetali',2,153,NULL),('JR7-K','khavi vetali',1,153,NULL),('JR7-F','khavi vetali',1,153,NULL),('JR7-D','khavi vetali',1,153,NULL),('HBK-4SP','khavi vetali',1,153,NULL),('HBK-4G','khavi vetali',2,153,NULL),('CN9-A','khavi vetali',1,153,NULL),('AS7-RS','khavi vetali',1,153,NULL),('JR7-D','will hellfire',4,182,NULL),('KTO-20','will hellfire',1,182,NULL),('KTO-18','will hellfire',1,182,NULL),('JM6-DD','aylward',1,165,NULL),('AS7-D','gman129',4,157,NULL),('HGN-733C','gman129',3,157,NULL),('VTR-9S','khavi vetali',1,152,NULL),('RVN-3L','m4rti',1,161,NULL),('STK-5M','djo_maverick',1,NULL,'kagoshima'),('STK-M','djo_maverick',1,NULL,'kagoshima'),('DGN-FL','djo_maverick',1,NULL,'kagoshima'),('SHD-5M','djo_maverick',1,183,NULL),('KTO-18','djo_maverick',1,183,NULL),('AS7-K','djo_maverick',1,183,NULL),('CN9-YLW','khavi vetali',1,152,NULL),('HGN-HM','blackwindlancers',1,176,NULL),('JR7-K','blackwindlancers',1,176,NULL),('CTF-1X','blackwindlancers',2,176,NULL),('BJ-1DC','blackwindlancers',2,176,NULL),('SDR-5D','blackwindlancers',2,176,NULL),('STK-M','blackwindlancers',1,176,NULL),('AS7-RS','will hellfire',2,182,NULL),('CTF-1X','will hellfire',1,182,NULL),('AS7-RS','blackstoneknights',2,164,NULL),('SHD-2D2','dankith',8,131,NULL),('RVN-3L','dankith',2,131,NULL),('HGN-733P','krazypoloc',1,NULL,'summer'),('SHD-2H','krazypoloc',3,NULL,'summer'),('CN9-A','3rdworld',1,159,NULL),('ON1-V','djo_maverick',2,183,NULL),('HBK-4H','djo_maverick',1,183,NULL),('HBK-4P','djo_maverick',2,183,NULL),('HBK-4G','djo_maverick',1,183,NULL),('ON1-K','djo_maverick',4,183,NULL),('JR7-D','djo_maverick',3,183,NULL),('CN9-A','3rdworld',1,174,NULL),('STK-5M','aylward',2,165,NULL),('SHD-2D2','aylward',1,165,NULL),('BLR-1S','3rdworld',2,133,NULL),('HGN-732','3rdworld',1,159,NULL),('KTO-18','m4rti',1,161,NULL),('KTO-20','m4rti',1,161,NULL),('KTO-19','m4rti',1,161,NULL),('VTR-DS','blackwindlancers',2,NULL,'second try'),('RVN-2X','blackwindlancers',1,NULL,'second try'),('HGN-733','blackwindlancers',1,NULL,'second try'),('QKD-4G','blackwindlancers',1,NULL,'second try'),('SDR-5K','blackwindlancers',1,NULL,'second try'),('CPLT-K2','blackwindlancers',1,NULL,'second try'),('CPLT-C1','blackwindlancers',1,NULL,'second try'),('CDA-2A','blackwindlancers',2,NULL,'second try'),('JR7-F','deadfire',2,147,NULL),('JR7-F','deadfire',1,179,NULL),('SDR-5D','deadfire',1,179,NULL),('CTF-2X','blackwindlancers',1,180,NULL),('AWS-8V','kwea',1,177,NULL),('HGN-HM','kwea',1,177,NULL),('KTO-20','kwea',1,177,NULL),('SDR-5D','kwea',1,177,NULL),('CPLT-K2','kwea',2,177,NULL),('AS7-RS','3rdworld',1,174,NULL),('CTF-3D','krazypoloc',6,NULL,'shiloh'),('JR7-F','krazypoloc',1,NULL,'shiloh'),('SDR-5K','krazypoloc',4,NULL,'shiloh'),('SDR-5V','krazypoloc',1,NULL,'shiloh'),('SHD-2D2','krazypoloc',1,NULL,'shiloh'),('STK-3F','krazypoloc',1,NULL,'shiloh'),('DGN-1N','3rdworld',1,NULL,'vega'),('HBK-4G','3rdworld',2,NULL,'vega'),('JR7-K','3rdworld',2,NULL,'vega'),('KTO-18','3rdworld',1,NULL,'vega'),('TDR-9SE','3rdworld',1,NULL,'vega'),('CDA-2A','3rdworld',1,186,NULL),('CN9-A','3rdworld',1,186,NULL),('CTF-3D','3rdworld',3,186,NULL),('HGN-733C','3rdworld',3,186,NULL),('JR7-F','3rdworld',3,186,NULL),('CTF-4X','will hellfire',1,182,NULL),('HGN-732','gman129',2,157,NULL),('JR7-D','gman129',3,157,NULL),('HBK-4P','gman129',2,158,NULL),('JR7-F','gman129',1,158,NULL),('AS7-D-DC','gman129',1,158,NULL),('JR7-D','mech79',4,141,NULL),('SHD-2D2','mech79',2,141,NULL),('SHD-5M','mech79',1,141,NULL),('CN9-YLW','mech79',2,140,NULL),('CN9-AL','will hellfire',2,181,NULL),('SDR-5D','antares',1,134,NULL),('SDR-5D','antares',1,134,NULL),('JR7-F','antares',1,134,NULL),('KTO-18','antares',1,134,NULL),('STK-3F','antares',3,134,NULL),('RVN-3L','antares',1,134,NULL),('CTF-1X','antares',1,134,NULL),('TBT-5J','aylward',2,NULL,'bethel'),('TBT-5N','aylward',3,NULL,'bethel'),('TBT-3C','aylward',1,NULL,'bethel'),('AS7-D','crazyhorse',1,139,NULL),('AS7-RS','crazyhorse',1,139,NULL),('AS7-RS','3rdworld',1,142,NULL),('SHD-2H','blackwindlancers',1,168,NULL),('CTF-4X','blackwindlancers',1,168,NULL),('BLR-1D','blackwindlancers',1,168,NULL),('AS7-BH','blackwindlancers',1,168,NULL),('CDA-X5','blackwindlancers',3,168,NULL),('HBK-4H','blackwindlancers',1,168,NULL),('STK-5M','blackwindlancers',2,168,NULL),('STK-M','blackwindlancers',1,168,NULL),('JR7-D','blackwindlancers',1,168,NULL),('STK-3F','aylward',1,NULL,'bethel'),('CPLT-A1','aylward',1,NULL,'bethel'),('JR7-D','aylward',1,165,NULL),('CPLT-A1','blackwindlancers',1,168,NULL),('KTO-BOY','blackwindlancers',1,168,NULL),('BJ-1X','cef command',1,135,NULL),('KTO-BOY','cef command',1,135,NULL),('LCT-1V','cef command',1,136,NULL),('KTO-18','will hellfire',1,181,NULL),('STK-5M','will hellfire',1,181,NULL),('STK-3F','will hellfire',1,181,NULL),('KTO-20','will hellfire',1,181,NULL),('HGN-732','will hellfire',1,181,NULL),('HGN-732','will hellfire',1,181,NULL),('CPLT-C1','will hellfire',1,181,NULL),('CPLT-C1','will hellfire',1,181,NULL),('AS7-D-DC','kwea',1,178,NULL),('BLR-1S','kwea',2,178,NULL),('CPLT-K2','kwea',2,178,NULL),('CTF-2X','kwea',2,178,NULL),('CTF-4X','kwea',2,178,NULL),('JR7-D','kwea',2,178,NULL),('JR7-K','kwea',3,178,NULL),('KTO-20','kwea',1,178,NULL),('RVN-3L','kwea',1,178,NULL),('SDR-5D','kwea',1,178,NULL),('SHD-2D2','kwea',2,178,NULL),('SHD-2H','kwea',2,178,NULL),('STK-5M','kwea',2,178,NULL),('AWS-8V','kwea',1,177,NULL),('HGN-732','kwea',1,177,NULL),('HGN-733C','kwea',1,177,NULL),('HGN-733P','kwea',1,177,NULL),('HGN-HM','kwea',1,177,NULL),('AS7-K','talkpolite',4,171,NULL),('CN9-D','talkpolite',2,171,NULL),('JM6-DD','talkpolite',2,171,NULL),('JM6-A','talkpolite',1,171,NULL),('JM6-FB','talkpolite',3,171,NULL),('JR7-F','khavi vetali',2,152,NULL),('SHD-2H','khavi vetali',1,152,NULL),('SHD-2D2','khavi vetali',1,152,NULL),('VTR-9K','khavi vetali',1,152,NULL),('HGN-733C','khavi vetali',2,152,NULL),('VTR-9B','khavi vetali',1,152,NULL),('AS7-D-DC','khavi vetali',1,152,NULL),('AS7-D','khavi vetali',1,152,NULL),('CTF-IM','khavi vetali',2,152,NULL),('AS7-D-DC','talkpolite',1,169,NULL),('CTF-IM','talkpolite',1,169,NULL),('CDA-2B','cef command',1,NULL,'marlowes rift'),('CDA-3C','cef command',1,NULL,'marlowes rift'),('CN9-D','cef command',1,NULL,'marlowes rift'),('CPLT-J','cef command',1,NULL,'marlowes rift'),('HBK-4G','cef command',1,NULL,'marlowes rift'),('JM6-DD','cef command',1,NULL,'marlowes rift'),('KTO-BOY','cef command',1,NULL,'marlowes rift'),('ON1-PR','cef command',1,NULL,'marlowes rift'),('ON1-VA','cef command',1,NULL,'marlowes rift'),('STK-3H','cef command',1,NULL,'marlowes rift'),('STK-4N','cef command',1,NULL,'marlowes rift'),('STK-5S','cef command',2,NULL,'marlowes rift'),('HGN-732','3rdworld',2,NULL,'vega'),('JR7-K','3rdworld',1,142,NULL),('BLR-1G','3rdworld',1,NULL,'vega'),('VTR-9B','will hellfire',4,181,NULL),('RVN-3L','aylward',2,NULL,'menkar'),('HGN-733','aylward',1,NULL,'menkar'),('HGN-HM','aylward',2,NULL,'menkar'),('HGN-733C','vas79',1,144,NULL),('RVN-3L','vas79',1,144,NULL),('TDR-5S','vas79',2,144,NULL),('JR7-D','vas79',3,144,NULL),('JR7-K','vas79',2,144,NULL),('HBK-4SP','vas79',1,144,NULL),('SHD-2D2','vas79',1,144,NULL),('ON1-K','vas79',1,144,NULL),('ON1-V','vas79',1,144,NULL),('SHD-2H','djo_maverick',1,183,NULL),('TDR-5S','djo_maverick',1,183,NULL),('TDR-9SE','djo_maverick',1,183,NULL),('RVN-4X','aylward',2,NULL,'menkar'),('JR7-K','djo_maverick',3,183,NULL),('CPLT-J','djo_maverick',2,183,NULL),('DGN-1C','djo_maverick',1,183,NULL),('DGN-FL','djo_maverick',1,183,NULL),('HBK-4H','djo_maverick',2,189,NULL),('HBK-4P','djo_maverick',1,189,NULL),('HBK-4SP','djo_maverick',1,189,NULL),('JR7-K','djo_maverick',3,189,NULL),('ON1-K','djo_maverick',3,189,NULL),('ON1-V','djo_maverick',2,189,NULL),('JR7-D','djo_maverick',2,189,NULL),('STK-M','aylward',2,NULL,'bethel'),('CPLT-K2','aylward',1,166,NULL),('KTO-BOY','aylward',1,166,NULL),('AS7-K','aylward',4,166,NULL),('BLR-1D','cef command',3,136,NULL),('RVN-3L','cef command',1,136,NULL),('HGN-733P','cef command',1,137,NULL),('COM-1D','aylward',3,166,NULL),('AS7-BH','djo_maverick',1,189,NULL),('SDR-5D','djo_maverick',1,189,NULL),('AWS-8Q','krazypoloc',1,NULL,'shiloh'),('AWS-8R','krazypoloc',1,NULL,'shiloh'),('AWS-9M','krazypoloc',3,NULL,'shiloh'),('AWS-PB','krazypoloc',3,NULL,'shiloh'),('HBK-4SP','aylward',1,NULL,'farwell'),('HBK-4G','aylward',1,NULL,'farwell'),('VTR-9K','aylward',1,NULL,'farwell'),('TDR-5S','aylward',2,NULL,'bell'),('TDR-5SS','aylward',1,NULL,'bell'),('HBK-4SP','aylward',1,NULL,'bell'),('JM6-DD','aylward',1,NULL,'bell'),('JM6-S','aylward',3,NULL,'bell'),('TBT-7K','aylward',1,NULL,'bell'),('CTF-IM','shadowwolf jerricho',2,NULL,'monhegan'),('VTR-9K','aylward',1,NULL,'bell'),('CTF-4X','shadowwolf jerricho',1,NULL,'monhegan'),('CTF-1X','shadowwolf jerricho',1,NULL,'monhegan'),('SHD-2H','shadowwolf jerricho',1,NULL,'monhegan'),('SHD-2D2','shadowwolf jerricho',1,NULL,'monhegan'),('SHD-5M','shadowwolf jerricho',1,NULL,'monhegan'),('HGN-HM','shadowwolf jerricho',1,NULL,'monhegan'),('HGN-733C','shadowwolf jerricho',1,NULL,'monhegan'),('HGN-733','shadowwolf jerricho',1,NULL,'monhegan'),('HGN-733P','shadowwolf jerricho',1,NULL,'monhegan'),('HGN-732','shadowwolf jerricho',1,NULL,'monhegan'),('CTF-2X','shadowwolf jerricho',1,NULL,'monhegan'),('CTF-3D','shadowwolf jerricho',1,NULL,'monhegan'),('CN9-A','aylward',2,NULL,'menkar'),('SDR-5V','aylward',4,165,NULL),('CPLT-J','aylward',2,165,NULL),('STK-M','aylward',1,NULL,'menkar'),('CPLT-K2','aylward',2,NULL,'menkar'),('JM6-DD','aylward',1,NULL,'menkar'),('RVN-4X','aylward',2,165,NULL),('HGN-HM','aylward',1,165,NULL),('KTO-BOY','aylward',1,NULL,'menkar'),('CDA-X5','aylward',5,166,NULL),('LCT-1V','aylward',3,166,NULL),('SHD-2H','crazyhorse',2,NULL,'benjamin'),('CPLT-C1','crazyhorse',1,NULL,'benjamin'),('CN9-AL','crazyhorse',1,NULL,'benjamin'),('KTO-18','hrunting',6,NULL,'chaffee'),('JM6-S','hrunting',8,NULL,'chaffee'),('AS7-D-DC','hrunting',6,NULL,'chaffee'),('AS7-BH','hrunting',2,NULL,'chaffee'),('CDA-3M','hrunting',2,NULL,'chaffee'),('CDA-3M','hrunting',4,155,NULL),('AS7-BH','hrunting',2,155,NULL),('JM6-S','hrunting',6,155,NULL),('AS7-D-DC','hrunting',4,155,NULL),('KTO-19','hrunting',4,155,NULL),('AS7-RS','hrunting',4,155,NULL),('AS7-BH','hrunting',2,NULL,'smolnik'),('AS7-D','hrunting',4,NULL,'smolnik'),('AS7-D-DC','hrunting',4,NULL,'smolnik'),('VTR-9S','hrunting',2,NULL,'smolnik'),('CTF-IM','hrunting',2,NULL,'smolnik'),('CTF-1X','hrunting',4,NULL,'smolnik'),('CDA-3M','hrunting',2,NULL,'smolnik'),('SDR-5D','hrunting',4,NULL,'smolnik'),('CPLT-A1','hrunting',6,NULL,'veckholm'),('KTO-18','hrunting',8,NULL,'veckholm'),('KTO-19','hrunting',6,NULL,'veckholm'),('JM6-S','hrunting',12,NULL,'saravan'),('JM6-FB','hrunting',2,NULL,'saravan'),('JM6-A','hrunting',6,NULL,'saravan'),('JM6-DD','hrunting',4,NULL,'saravan'),('AS7-D-DC','m4rti',3,162,NULL),('STK-3H','cef command',1,137,NULL),('STK-5S','cef command',1,137,NULL),('CDA-2B','cef command',1,135,NULL),('CDA-3C','cef command',1,135,NULL);
/*!40000 ALTER TABLE `mech` ENABLE KEYS */;
UNLOCK TABLES;

--
-- Table structure for table `message`
--

DROP TABLE IF EXISTS `message`;
/*!40101 SET @saved_cs_client     = @@character_set_client */;
/*!40101 SET character_set_client = utf8 */;
CREATE TABLE `message` (
  `sent` timestamp NOT NULL DEFAULT CURRENT_TIMESTAMP ON UPDATE CURRENT_TIMESTAMP,
  `sender` varchar(25) NOT NULL,
  `reciever` varchar(25) NOT NULL,
  `message` varchar(5000) NOT NULL,
  `subject` varchar(200) NOT NULL
) ENGINE=InnoDB DEFAULT CHARSET=latin1;
/*!40101 SET character_set_client = @saved_cs_client */;

--
-- Dumping data for table `message`
--

LOCK TABLES `message` WRITE;
/*!40000 ALTER TABLE `message` DISABLE KEYS */;
/*!40000 ALTER TABLE `message` ENABLE KEYS */;
UNLOCK TABLES;

--
-- Table structure for table `notifications`
--

DROP TABLE IF EXISTS `notifications`;
/*!40101 SET @saved_cs_client     = @@character_set_client */;
/*!40101 SET character_set_client = utf8 */;
CREATE TABLE `notifications` (
  `notification_type` varchar(25) NOT NULL,
  `username` varchar(25) NOT NULL,
  `created` timestamp NOT NULL DEFAULT CURRENT_TIMESTAMP,
  `sender` varchar(25) DEFAULT NULL,
  `value` int(20) DEFAULT NULL
) ENGINE=InnoDB DEFAULT CHARSET=latin1;
/*!40101 SET character_set_client = @saved_cs_client */;

--
-- Dumping data for table `notifications`
--

LOCK TABLES `notifications` WRITE;
/*!40000 ALTER TABLE `notifications` DISABLE KEYS */;
INSERT INTO `notifications` VALUES ('attack','mech79','2013-10-22 06:57:42','deadfire',0),('attack declared','deadfire','2013-10-22 06:57:42','mech79',0),('attack','canuck307','2013-10-22 15:06:35','antares',0),('attack declared','antares','2013-10-22 15:06:35','canuck307',1),('attack declared','antares','2013-10-22 20:54:04','canuck307',0),('defend','antares','2013-10-22 23:41:56','canuck307',0),('defend','canuck307','2013-10-22 23:41:56','antares',0),('attack','dankith','2013-10-23 00:16:40','vas79',0),('attack declared','vas79','2013-10-23 00:16:40','dankith',1),('attack','greyghosts','2013-10-23 13:26:11','3rdworld',0),('attack declared','3rdworld','2013-10-23 13:26:11','greyghosts',0),('attack','greyghosts','2013-10-23 13:39:48','3rdworld',0),('attack declared','3rdworld','2013-10-23 13:39:48','greyghosts',0),('attack','canuck307','2013-10-23 17:21:59','antares',0),('attack declared','antares','2013-10-23 17:21:59','canuck307',1),('defend','vas79','2013-10-23 20:20:43','dankith',0),('defend','dankith','2013-10-23 20:20:43','vas79',0),('report','vas79','2013-10-24 04:00:37','dankith',0),('report declared','dankith','2013-10-24 04:00:37','vas79',0),('win','vas79','2013-10-24 04:01:25','dankith',709),('loss','dankith','2013-10-24 04:01:25','vas79',709),('attack','3rdworld','2013-10-24 04:17:26','cef command',0),('attack declared','cef command','2013-10-24 04:17:26','3rdworld',1),('win','vas79','2013-10-25 06:17:33','dankith',709),('loss','dankith','2013-10-25 06:17:33','vas79',709),('defend contract','crazyhorse','2013-10-26 16:54:26','3rdworld',0),('defend hire','3rdworld','2013-10-26 16:54:26','crazyhorse',0),('report','antares','2013-10-26 23:01:02','canuck307',0),('report declared','canuck307','2013-10-26 23:01:02','antares',0),('win','antares','2013-10-26 23:03:51','canuck307',707),('loss','canuck307','2013-10-26 23:03:51','antares',707),('win','deadfire','2013-10-27 07:13:47','mech79',706),('loss','mech79','2013-10-27 07:13:47','deadfire',706),('match hire','crazyhorse','2013-10-27 20:22:19','cef command',713),('defend','3rdworld','2013-10-27 20:22:19','cef command',0),('defend','cef command','2013-10-27 20:22:19','3rdworld',0),('attack','hrunting','2013-10-28 05:06:11','deadfire',0),('attack declared','deadfire','2013-10-28 05:06:11','hrunting',1),('attack','gman129','2013-10-28 07:39:25','deadfire',0),('attack declared','deadfire','2013-10-28 07:39:25','gman129',1),('win','3rdworld','2013-10-28 16:30:27','greyghosts',710),('loss','greyghosts','2013-10-28 16:30:27','3rdworld',710),('win','3rdworld','2013-10-28 16:30:28','greyghosts',711),('loss','greyghosts','2013-10-28 16:30:28','3rdworld',711),('defend','deadfire','2013-10-30 03:15:08','gman129',0),('defend','gman129','2013-10-30 03:15:08','deadfire',0),('attack','vas79','2013-10-30 03:41:10','khavi vetali',0),('attack declared','khavi vetali','2013-10-30 03:41:10','vas79',1),('defend contract','canuck307','2013-10-30 07:46:16','hrunting',-1),('defend hire','hrunting','2013-10-30 07:46:16','canuck307',-1),('attack','krazypoloc','2013-10-30 16:59:05','3rdworld',0),('attack declared','3rdworld','2013-10-30 16:59:05','krazypoloc',1),('give cbills','vas79','2013-11-01 00:03:48','dankith',37500000),('defend','khavi vetali','2013-11-01 00:12:59','vas79',0),('defend','vas79','2013-11-01 00:12:59','khavi vetali',0),('defend contract','gman129','2013-11-01 03:02:22','hrunting',714),('defend hire','hrunting','2013-11-01 03:02:22','gman129',714),('attack','canuck307','2013-11-01 15:17:37','antares',0),('attack declared','antares','2013-11-01 15:17:37','canuck307',0),('win','deadfire','2013-11-01 18:00:37','hrunting',714),('loss','hrunting','2013-11-01 18:00:37','deadfire',714),('loss','gman129','2013-11-01 18:00:37','deadfire',714),('attack','hrunting','2013-11-01 18:41:41','deadfire',0),('attack declared','deadfire','2013-11-01 18:41:41','hrunting',1),('attack','antares','2013-11-01 21:24:44','vas79',0),('attack declared','vas79','2013-11-01 21:24:44','antares',0),('attack','hrunting','2013-11-01 22:46:11','vas79',0),('attack declared','vas79','2013-11-01 22:46:11','hrunting',1),('defend contract','gman129','2013-11-02 00:33:22','hrunting',0),('defend hire','hrunting','2013-11-02 00:33:22','gman129',0),('match hire','gman129','2013-11-02 01:06:44','deadfire',721),('defend','hrunting','2013-11-02 01:06:44','deadfire',0),('defend','deadfire','2013-11-02 01:06:44','hrunting',0),('defend','vas79','2013-11-02 09:17:18','hrunting',0),('defend','hrunting','2013-11-02 09:17:18','vas79',0),('defend','3rdworld','2013-11-03 02:37:02','krazypoloc',0),('defend','krazypoloc','2013-11-03 02:37:02','3rdworld',0),('attack','krazypoloc','2013-11-03 07:43:14','3rdworld',0),('attack declared','3rdworld','2013-11-03 07:43:14','krazypoloc',1),('attack','hrunting','2013-11-03 08:44:41','deadfire',0),('attack declared','deadfire','2013-11-03 08:44:41','hrunting',1),('attack','krazypoloc','2013-11-03 16:40:02','3rdworld',0),('attack declared','3rdworld','2013-11-03 16:40:02','krazypoloc',1),('attack','crazyhorse','2013-11-05 00:55:53','cef command',0),('attack declared','cef command','2013-11-05 00:55:53','crazyhorse',1),('contract','blackstoneknights','2013-11-05 03:25:24','aylward',0),('hire','aylward','2013-11-05 03:25:24','blackstoneknights',0),('report','deadfire','2013-11-05 03:40:31','gman129',0),('report declared','gman129','2013-11-05 03:40:31','deadfire',0),('win','deadfire','2013-11-05 03:48:00','gman129',715),('loss','gman129','2013-11-05 03:48:00','deadfire',715),('attack','gman129','2013-11-05 05:49:18','deadfire',0),('attack declared','deadfire','2013-11-05 05:49:18','gman129',0),('attack','blackwindlancers','2013-11-05 06:16:39','aylward',0),('attack declared','aylward','2013-11-05 06:16:39','blackwindlancers',1),('defend','aylward','2013-11-05 07:35:05','blackwindlancers',0),('defend','blackwindlancers','2013-11-05 07:35:05','aylward',0),('win','antares','2013-11-06 01:43:35','canuck307',720),('loss','canuck307','2013-11-06 01:43:35','antares',720),('win','vas79','2013-11-06 01:52:38','antares',722),('loss','antares','2013-11-06 01:52:38','vas79',722),('report','khavi vetali','2013-11-06 03:26:15','vas79',0),('report declared','vas79','2013-11-06 03:26:15','khavi vetali',0),('win','khavi vetali','2013-11-06 03:36:23','vas79',718),('loss','vas79','2013-11-06 03:36:23','khavi vetali',718),('report','3rdworld','2013-11-06 04:38:37','krazypoloc',0),('report declared','krazypoloc','2013-11-06 04:38:37','3rdworld',0),('win','3rdworld','2013-11-06 04:41:31','krazypoloc',719),('loss','krazypoloc','2013-11-06 04:41:31','3rdworld',719),('defend','3rdworld','2013-11-06 06:15:57','krazypoloc',0),('defend','krazypoloc','2013-11-06 06:15:57','3rdworld',0),('attack','aylward','2013-11-06 07:16:00','blackwindlancers',0),('attack declared','blackwindlancers','2013-11-06 07:16:00','aylward',1),('give cbills','crazyhorse','2013-11-06 18:09:01','3rdworld',15000000),('attack','krazypoloc','2013-11-06 21:24:37','3rdworld',0),('attack declared','3rdworld','2013-11-06 21:24:37','krazypoloc',1),('contract','gman129','2013-11-06 21:28:44','3rdworld',0),('hire','3rdworld','2013-11-06 21:28:44','gman129',0),('attack','krazypoloc','2013-11-07 02:41:02','3rdworld',0),('attack declared','3rdworld','2013-11-07 02:41:02','krazypoloc',1),('attack declared','gman129','2013-11-07 02:41:02','krazypoloc',1),('defend','3rdworld','2013-11-07 06:46:24','krazypoloc',0),('defend','krazypoloc','2013-11-07 06:46:24','3rdworld',0),('defend','3rdworld','2013-11-07 06:50:46','krazypoloc',0),('defend','krazypoloc','2013-11-07 06:50:46','3rdworld',0),('defend','deadfire','2013-11-07 06:56:47','hrunting',0),('defend','hrunting','2013-11-07 06:56:47','deadfire',0),('attack','krazypoloc','2013-11-07 17:54:32','aylward',0),('attack declared','aylward','2013-11-07 17:54:32','krazypoloc',1),('attack declared','blackstoneknights','2013-11-07 17:54:32','krazypoloc',1),('defend','cef command','2013-11-07 18:14:16','crazyhorse',0),('defend','crazyhorse','2013-11-07 18:14:16','cef command',0),('defend','blackwindlancers','2013-11-08 14:43:00','aylward',0),('defend','aylward','2013-11-08 14:43:00','blackwindlancers',0),('win','deadfire','2013-11-09 06:42:57','gman129',732),('loss','gman129','2013-11-09 06:42:57','deadfire',732),('tie','hrunting','2013-11-09 14:41:57','vas79',723),('tie','vas79','2013-11-09 14:41:57','hrunting',723),('win','aylward','2013-11-10 05:45:17','krazypoloc',731),('loss','krazypoloc','2013-11-10 05:45:17','aylward',731),('win','blackstoneknights','2013-11-10 05:45:17','krazypoloc',731),('win','hrunting','2013-11-10 07:49:21','vas79',723),('loss','vas79','2013-11-10 07:49:21','hrunting',723),('report','cef command','2013-11-11 00:17:22','crazyhorse',0),('report declared','crazyhorse','2013-11-11 00:17:22','cef command',0),('defend','3rdworld','2013-11-11 00:53:14','krazypoloc',0),('defend','krazypoloc','2013-11-11 00:53:14','3rdworld',0),('match hire','gman129','2013-11-11 00:53:14','krazypoloc',739),('report','cef command','2013-11-11 01:44:38','3rdworld',0),('report declared','3rdworld','2013-11-11 01:44:38','cef command',0),('report','deadfire','2013-11-11 02:24:19','hrunting',0),('report declared','hrunting','2013-11-11 02:24:19','deadfire',0),('report','3rdworld','2013-11-11 04:10:08','krazypoloc',0),('report declared','krazypoloc','2013-11-11 04:10:08','3rdworld',0),('win','deadfire','2013-11-11 04:13:13','hrunting',721),('loss','hrunting','2013-11-11 04:13:13','deadfire',721),('loss','gman129','2013-11-11 04:13:13','deadfire',721),('win','3rdworld','2013-11-11 04:14:22','krazypoloc',726),('loss','krazypoloc','2013-11-11 04:14:22','3rdworld',726),('report','3rdworld','2013-11-11 04:26:55','krazypoloc',0),('report declared','krazypoloc','2013-11-11 04:26:55','3rdworld',0),('win','3rdworld','2013-11-11 04:28:35','krazypoloc',737),('loss','krazypoloc','2013-11-11 04:28:35','3rdworld',737),('report','aylward','2013-11-11 04:41:48','blackwindlancers',0),('report declared','blackwindlancers','2013-11-11 04:41:48','aylward',0),('win','crazyhorse','2013-11-11 04:57:22','cef command',730),('loss','cef command','2013-11-11 04:57:22','crazyhorse',730),('attack','krazypoloc','2013-11-11 05:27:23','3rdworld',0),('attack declared','3rdworld','2013-11-11 05:27:23','krazypoloc',1),('win','3rdworld','2013-11-11 05:30:46','cef command',713),('loss','cef command','2013-11-11 05:30:46','3rdworld',713),('win','crazyhorse','2013-11-11 05:30:46','cef command',713),('win','blackwindlancers','2013-11-11 06:01:50','aylward',733),('loss','aylward','2013-11-11 06:01:50','blackwindlancers',733),('attack','bongfu','2013-11-11 14:51:28','vas79',0),('attack declared','vas79','2013-11-11 14:51:28','bongfu',0),('contract','blackstoneknights','2013-11-11 19:10:49','aylward',0),('hire','aylward','2013-11-11 19:10:49','blackstoneknights',0),('attack','krazypoloc','2013-11-11 21:59:51','aylward',0),('attack declared','aylward','2013-11-11 21:59:51','krazypoloc',0),('attack declared','blackstoneknights','2013-11-11 21:59:51','krazypoloc',0),('attack','cef command','2013-11-11 23:39:01','crazyhorse',0),('attack declared','crazyhorse','2013-11-11 23:39:01','cef command',1),('give cbills','kwea','2013-11-12 04:01:23','aylward',2000000),('give cbills','blackwindlancers','2013-11-12 06:53:24','3rdworld',3000000),('give cbills','crazyhorse','2013-11-12 15:49:23','3rdworld',10443898),('report','3rdworld','2013-11-13 02:53:45','krazypoloc',0),('report declared','krazypoloc','2013-11-13 02:53:45','3rdworld',0),('win','3rdworld','2013-11-13 02:59:15','krazypoloc',728),('loss','krazypoloc','2013-11-13 02:59:15','3rdworld',728),('report','deadfire','2013-11-13 03:43:17','hrunting',0),('report declared','hrunting','2013-11-13 03:43:17','deadfire',0),('win','deadfire','2013-11-13 04:02:24','hrunting',727),('loss','hrunting','2013-11-13 04:02:24','deadfire',727),('give cbills','gman129','2013-11-13 06:23:16','hrunting',9314616),('attack','krazypoloc','2013-11-13 23:18:56','3rdworld',0),('attack declared','3rdworld','2013-11-13 23:18:56','krazypoloc',1),('defend','3rdworld','2013-11-14 02:50:19','krazypoloc',0),('defend','krazypoloc','2013-11-14 02:50:19','3rdworld',0),('attack','khavi vetali','2013-11-14 05:40:07','deadfire',0),('attack declared','deadfire','2013-11-14 05:40:07','khavi vetali',1),('defend','crazyhorse','2013-11-14 06:08:42','cef command',0),('defend','cef command','2013-11-14 06:08:42','crazyhorse',0),('contract','m4rti','2013-11-14 06:19:22','cef command',-1),('hire','cef command','2013-11-14 06:19:22','m4rti',-1),('defend','deadfire','2013-11-14 16:14:44','khavi vetali',0),('defend','khavi vetali','2013-11-14 16:14:44','deadfire',0),('attack','cef command','2013-11-14 22:50:41','crazyhorse',0),('attack declared','crazyhorse','2013-11-14 22:50:41','cef command',1),('report','blackwindlancers','2013-11-15 04:17:40','aylward',0),('report declared','aylward','2013-11-15 04:17:40','blackwindlancers',0),('win','blackwindlancers','2013-11-15 04:20:23','aylward',734),('loss','aylward','2013-11-15 04:20:23','blackwindlancers',734),('attack','aylward','2013-11-15 06:03:09','blackwindlancers',0),('attack declared','blackwindlancers','2013-11-15 06:03:09','aylward',1),('contract','khavi vetali','2013-11-15 15:33:27','cef command',0),('hire','cef command','2013-11-15 15:33:27','khavi vetali',0),('contract','khavi vetali','2013-11-15 15:34:52','cef command',-1),('hire','cef command','2013-11-15 15:34:52','khavi vetali',-1),('attack','khavi vetali','2013-11-15 18:28:11','deadfire',0),('attack declared','deadfire','2013-11-15 18:28:11','khavi vetali',1),('attack','crazyhorse','2013-11-15 19:30:03','cef command',0),('attack declared','cef command','2013-11-15 19:30:03','crazyhorse',1),('attack declared','khavi vetali','2013-11-15 19:30:03','crazyhorse',1),('win','vas79','2013-11-15 20:04:28','bongfu',743),('loss','bongfu','2013-11-15 20:04:28','vas79',743),('give cbills','khavi vetali','2013-11-15 22:03:32','cef command',10000000),('attack','3rdworld','2013-11-15 23:59:08','vas79',0),('attack declared','vas79','2013-11-15 23:59:08','3rdworld',1),('attack','kwea','2013-11-16 00:04:07','vas79',0),('attack declared','vas79','2013-11-16 00:04:07','kwea',1),('contract','gman129','2013-11-16 00:23:39','3rdworld',0),('hire','3rdworld','2013-11-16 00:23:39','gman129',0),('contract','kwea','2013-11-16 03:27:45','dankith',-1),('hire','dankith','2013-11-16 03:27:45','kwea',-1),('win','aylward','2013-11-16 03:44:42','krazypoloc',744),('loss','krazypoloc','2013-11-16 03:44:42','aylward',744),('win','blackstoneknights','2013-11-16 03:44:42','krazypoloc',744),('attack','aylward','2013-11-16 06:05:03','blackwindlancers',0),('attack declared','blackwindlancers','2013-11-16 06:05:03','aylward',1),('attack','blackstoneknights','2013-11-16 06:09:26','blackwindlancers',0),('attack declared','blackwindlancers','2013-11-16 06:09:26','blackstoneknights',1),('attack','bongfu','2013-11-16 18:52:54','dankith',0),('attack declared','dankith','2013-11-16 18:52:54','bongfu',0),('contract','mech79','2013-11-16 18:53:16','dankith',-1),('hire','dankith','2013-11-16 18:53:16','mech79',-1),('defend','blackwindlancers','2013-11-16 20:21:45','blackstoneknights',763),('defend','blackstoneknights','2013-11-16 20:21:45','blackwindlancers',763),('defend','3rdworld','2013-11-17 03:51:47','krazypoloc',0),('defend','krazypoloc','2013-11-17 03:51:47','3rdworld',0),('defend','crazyhorse','2013-11-17 05:39:25','cef command',752),('defend','cef command','2013-11-17 05:39:25','crazyhorse',752),('report','3rdworld','2013-11-17 06:08:15','krazypoloc',0),('report declared','krazypoloc','2013-11-17 06:08:15','3rdworld',0),('defend','vas79','2013-11-17 20:54:17','3rdworld',0),('defend','3rdworld','2013-11-17 20:54:17','vas79',0),('win','3rdworld','2013-11-17 21:31:02','krazypoloc',739),('loss','krazypoloc','2013-11-17 21:31:02','3rdworld',739),('win','gman129','2013-11-17 21:31:02','krazypoloc',739),('give cbills','gman129','2013-11-17 22:13:27','3rdworld',11828451),('contract','gman129','2013-11-17 22:44:07','3rdworld',0),('hire','3rdworld','2013-11-17 22:44:07','gman129',0),('give cbills','gman129','2013-11-17 23:39:07','3rdworld',1715256),('report','crazyhorse','2013-11-17 23:41:35','cef command',0),('report declared','cef command','2013-11-17 23:41:35','crazyhorse',0),('win','crazyhorse','2013-11-18 04:46:54','cef command',745),('loss','cef command','2013-11-18 04:46:54','crazyhorse',745),('report','deadfire','2013-11-18 06:41:47','khavi vetali',0),('report declared','khavi vetali','2013-11-18 06:41:47','deadfire',0),('win','deadfire','2013-11-18 15:47:54','khavi vetali',748),('loss','khavi vetali','2013-11-18 15:47:54','deadfire',748),('win','cef command','2013-11-18 21:16:03','crazyhorse',755),('loss','crazyhorse','2013-11-18 21:16:03','cef command',755),('win','khavi vetali','2013-11-18 21:16:03','crazyhorse',755),('defend','blackwindlancers','2013-11-18 22:10:07','aylward',0),('defend','aylward','2013-11-18 22:10:07','blackwindlancers',0),('defend contract','blackstoneknights','2013-11-18 22:16:28','aylward',762),('defend hire','aylward','2013-11-18 22:16:28','blackstoneknights',762),('attack','hrunting','2013-11-18 23:16:09','talkpolite',0),('attack declared','talkpolite','2013-11-18 23:16:09','hrunting',1),('contract','khavi vetali','2013-11-19 01:01:05','cef command',0),('hire','cef command','2013-11-19 01:01:05','khavi vetali',0),('attack','crazyhorse','2013-11-19 02:23:13','cef command',0),('attack declared','cef command','2013-11-19 02:23:13','crazyhorse',1),('attack declared','khavi vetali','2013-11-19 02:23:13','crazyhorse',1),('win','vas79','2013-11-19 03:02:26','kwea',759),('loss','kwea','2013-11-19 03:02:26','vas79',759),('defend','deadfire','2013-11-19 04:00:10','khavi vetali',0),('defend','khavi vetali','2013-11-19 04:00:10','deadfire',0),('attack','djo_maverick','2013-11-19 04:14:14','vas79',0),('attack declared','vas79','2013-11-19 04:14:14','djo_maverick',1),('defend contract','khavi vetali','2013-11-19 06:34:55','hrunting',0),('defend hire','hrunting','2013-11-19 06:34:55','khavi vetali',0),('contract','will hellfire','2013-11-19 20:32:06','3rdworld',0),('hire','3rdworld','2013-11-19 20:32:06','will hellfire',0),('match hire','khavi vetali','2013-11-19 21:38:41','talkpolite',769),('defend','hrunting','2013-11-19 21:38:41','talkpolite',0),('defend','talkpolite','2013-11-19 21:38:41','hrunting',0),('contract','crazyhorse','2013-11-20 04:57:21','cef command',-1),('hire','cef command','2013-11-20 04:57:21','crazyhorse',-1),('attack declared','aylward','2013-11-20 05:27:45','krazypoloc',0),('win','blackwindlancers','2013-11-20 07:55:56','aylward',762),('loss','aylward','2013-11-20 07:55:56','blackwindlancers',762),('loss','blackstoneknights','2013-11-20 07:55:56','blackwindlancers',762),('attack','krazypoloc','2013-11-20 16:00:40','3rdworld',0),('attack declared','3rdworld','2013-11-20 16:00:40','krazypoloc',1),('attack declared','gman129','2013-11-20 16:00:40','krazypoloc',1),('attack','krazypoloc','2013-11-20 16:01:40','3rdworld',0),('attack declared','3rdworld','2013-11-20 16:01:40','krazypoloc',1),('attack declared','gman129','2013-11-20 16:01:40','krazypoloc',1),('win','dankith','2013-11-20 23:06:24','bongfu',764),('loss','bongfu','2013-11-20 23:06:24','dankith',764),('contract','khavi vetali','2013-11-21 03:26:12','cef command',-1),('hire','cef command','2013-11-21 03:26:12','khavi vetali',-1),('tie','krazypoloc','2013-11-21 03:38:34','3rdworld',742),('tie','3rdworld','2013-11-21 03:38:34','krazypoloc',742),('report','3rdworld','2013-11-21 03:49:54','krazypoloc',0),('report declared','krazypoloc','2013-11-21 03:49:54','3rdworld',0),('win','3rdworld','2013-11-21 03:59:19','krazypoloc',742),('loss','krazypoloc','2013-11-21 03:59:19','3rdworld',742),('defend','vas79','2013-11-21 04:05:32','djo_maverick',0),('defend','djo_maverick','2013-11-21 04:05:32','vas79',0),('win','3rdworld','2013-11-21 04:06:02','krazypoloc',747),('loss','krazypoloc','2013-11-21 04:06:02','3rdworld',747),('attack declared','multitallented','2013-11-21 05:24:48','ngng',0),('attack declared','test01','2013-11-21 05:24:48','ngng',0),('defend','cef command','2013-11-21 22:40:11','crazyhorse',770),('defend','crazyhorse','2013-11-21 22:40:11','cef command',770),('match hire','khavi vetali','2013-11-21 22:40:11','crazyhorse',770),('contract','mech79','2013-11-21 22:44:00','dankith',0),('hire','dankith','2013-11-21 22:44:00','mech79',0),('attack declared','vas79','2013-11-21 23:45:41','bongfu',0),('report','deadfire','2013-11-22 03:10:39','khavi vetali',0),('report declared','khavi vetali','2013-11-22 03:10:39','deadfire',0),('win','deadfire','2013-11-22 03:15:09','khavi vetali',757),('loss','khavi vetali','2013-11-22 03:15:09','deadfire',757),('attack','krazypoloc','2013-11-22 04:49:11','3rdworld',0),('attack declared','3rdworld','2013-11-22 04:49:11','krazypoloc',1),('contract','crazyhorse','2013-11-22 17:38:15','djo_maverick',0),('hire','djo_maverick','2013-11-22 17:38:15','crazyhorse',0),('attack','krazypoloc','2013-11-22 20:41:30','3rdworld',0),('attack declared','3rdworld','2013-11-22 20:41:30','krazypoloc',1),('attack declared','will hellfire','2013-11-22 20:41:30','krazypoloc',1),('attack declared','dankith','2013-11-22 23:08:02','bongfu',0),('attack declared','mech79','2013-11-22 23:08:02','bongfu',0),('report','vas79','2013-11-23 03:40:28','3rdworld',0),('report declared','3rdworld','2013-11-23 03:40:28','vas79',0),('win','3rdworld','2013-11-23 03:43:36','vas79',758),('loss','vas79','2013-11-23 03:43:36','3rdworld',758),('defend','3rdworld','2013-11-24 01:46:51','krazypoloc',0),('defend','krazypoloc','2013-11-24 01:46:51','3rdworld',0),('report','3rdworld','2013-11-24 01:47:21','krazypoloc',0),('report declared','krazypoloc','2013-11-24 01:47:21','3rdworld',0),('tie','krazypoloc','2013-11-24 01:48:33','3rdworld',783),('tie','3rdworld','2013-11-24 01:48:33','krazypoloc',783),('attack','hrunting','2013-11-24 05:02:27','3rdworld',0),('attack declared','3rdworld','2013-11-24 05:02:27','hrunting',1),('attack','hrunting','2013-11-24 05:05:22','3rdworld',0),('attack declared','3rdworld','2013-11-24 05:05:22','hrunting',1),('win','3rdworld','2013-11-24 07:34:37','krazypoloc',774),('loss','krazypoloc','2013-11-24 07:34:37','3rdworld',774),('win','will hellfire','2013-11-24 07:34:37','krazypoloc',774),('defend','3rdworld','2013-11-24 07:35:54','krazypoloc',766),('defend','krazypoloc','2013-11-24 07:35:54','3rdworld',766),('match hire','gman129','2013-11-24 07:35:54','krazypoloc',766),('win','3rdworld','2013-11-24 07:36:59','krazypoloc',760),('loss','krazypoloc','2013-11-24 07:36:59','3rdworld',760),('win','gman129','2013-11-24 07:36:59','krazypoloc',760),('contract','will hellfire','2013-11-24 18:58:50','blackwindlancers',0),('hire','blackwindlancers','2013-11-24 18:58:50','will hellfire',0),('give cbills','will hellfire','2013-11-24 22:59:52','3rdworld',4000000),('give cbills','will hellfire','2013-11-24 23:17:22','blackwindlancers',50000000),('attack','vas79','2013-11-25 00:02:50','djo_maverick',784),('attack declared','djo_maverick','2013-11-25 00:02:50','vas79',0),('attack declared','crazyhorse','2013-11-25 00:02:50','vas79',0),('attack','djo_maverick','2013-11-25 04:46:10','vas79',0),('attack declared','vas79','2013-11-25 04:46:10','djo_maverick',1),('report','blackwindlancers','2013-11-25 04:50:51','aylward',0),('report declared','aylward','2013-11-25 04:50:51','blackwindlancers',0),('attack','hrunting','2013-11-25 05:06:46','3rdworld',0),('attack declared','3rdworld','2013-11-25 05:06:46','hrunting',1),('win','blackwindlancers','2013-11-25 05:33:08','aylward',754),('loss','aylward','2013-11-25 05:33:08','blackwindlancers',754),('attack','hrunting','2013-11-25 09:01:19','deadfire',794),('attack declared','deadfire','2013-11-25 09:01:19','hrunting',794),('attack','hrunting','2013-11-25 09:06:42','deadfire',795),('attack declared','deadfire','2013-11-25 09:06:42','hrunting',795),('attack','hrunting','2013-11-25 09:07:34','deadfire',0),('attack declared','deadfire','2013-11-25 09:07:34','hrunting',1),('attack','hrunting','2013-11-25 09:08:20','deadfire',0),('attack declared','deadfire','2013-11-25 09:08:20','hrunting',1),('attack','hrunting','2013-11-25 09:09:18','deadfire',0),('attack declared','deadfire','2013-11-25 09:09:18','hrunting',1),('defend contract','khavi vetali','2013-11-25 18:00:12','hrunting',-1),('defend hire','hrunting','2013-11-25 18:00:12','khavi vetali',-1),('defend contract','khavi vetali','2013-11-25 18:00:47','hrunting',-1),('defend hire','hrunting','2013-11-25 18:00:47','khavi vetali',-1),('defend contract','khavi vetali','2013-11-25 18:01:35','hrunting',0),('defend hire','hrunting','2013-11-25 18:01:35','khavi vetali',0),('contract','khavi vetali','2013-11-26 01:46:34','cef command',-1),('hire','cef command','2013-11-26 01:46:34','khavi vetali',-1),('report','talkpolite','2013-11-26 03:54:52','hrunting',0),('report declared','hrunting','2013-11-26 03:54:52','talkpolite',0),('win','talkpolite','2013-11-26 04:15:14','hrunting',769),('loss','hrunting','2013-11-26 04:15:14','talkpolite',769),('loss','khavi vetali','2013-11-26 04:15:14','talkpolite',769),('win','talkpolite','2013-11-26 04:21:17','hrunting',769),('loss','hrunting','2013-11-26 04:21:17','talkpolite',769),('loss','khavi vetali','2013-11-26 04:21:17','talkpolite',769),('attack','aylward','2013-11-26 21:12:19','blackwindlancers',791),('attack declared','blackwindlancers','2013-11-26 21:12:19','aylward',0),('attack declared','will hellfire','2013-11-26 21:12:19','aylward',0),('give cbills','khavi vetali','2013-11-26 22:32:49','hrunting',22425688),('report','vas79','2013-11-27 03:50:00','djo_maverick',0),('report declared','djo_maverick','2013-11-27 03:50:00','vas79',0),('win','djo_maverick','2013-11-27 03:52:46','vas79',771),('loss','vas79','2013-11-27 03:52:46','djo_maverick',771),('defend','vas79','2013-11-27 04:46:18','djo_maverick',792),('defend','djo_maverick','2013-11-27 04:46:18','vas79',792),('attack','hrunting','2013-11-27 06:12:48','3rdworld',0),('attack declared','3rdworld','2013-11-27 06:12:48','hrunting',1),('defend','3rdworld','2013-11-27 22:26:31','hrunting',789),('defend','hrunting','2013-11-27 22:26:31','3rdworld',789),('defend','3rdworld','2013-11-27 22:33:39','hrunting',790),('defend','hrunting','2013-11-27 22:33:39','3rdworld',790),('defend','3rdworld','2013-11-28 00:01:06','hrunting',793),('defend','hrunting','2013-11-28 00:01:06','3rdworld',793),('defend','deadfire','2013-11-28 06:16:45','hrunting',798),('defend','hrunting','2013-11-28 06:16:45','deadfire',798),('defend','deadfire','2013-11-28 06:38:17','hrunting',797),('defend','hrunting','2013-11-28 06:38:17','deadfire',797),('attack','hrunting','2013-11-28 06:49:26','3rdworld',801),('attack declared','3rdworld','2013-11-28 06:49:26','hrunting',0),('attack','longbowman','2013-11-28 06:56:40','blackwindlancers',802),('attack declared','blackwindlancers','2013-11-28 06:56:40','longbowman',0),('match hire','khavi vetali','2013-11-28 07:13:49','deadfire',796),('defend','hrunting','2013-11-28 07:13:49','deadfire',796),('defend','deadfire','2013-11-28 07:13:49','hrunting',796),('defend contract','m4rti','2013-11-28 08:48:52','hrunting',800),('defend hire','hrunting','2013-11-28 08:48:52','m4rti',800);
/*!40000 ALTER TABLE `notifications` ENABLE KEYS */;
UNLOCK TABLES;

--
-- Table structure for table `planet`
--

DROP TABLE IF EXISTS `planet`;
/*!40101 SET @saved_cs_client     = @@character_set_client */;
/*!40101 SET character_set_client = utf8 */;
CREATE TABLE `planet` (
  `planet_name` varchar(50) NOT NULL,
  `owner_name` varchar(25) NOT NULL DEFAULT 'Unowned',
  `match_conditions` varchar(500) NOT NULL,
  `location_y` int(11) NOT NULL,
  `cbill_value` int(20) DEFAULT NULL,
  `production` varchar(1000) DEFAULT NULL,
  `invuln` int(1) DEFAULT NULL,
  `location_x` int(11) DEFAULT NULL,
  `image` varchar(100) DEFAULT NULL,
  `region` varchar(50) DEFAULT 'core',
  `capacity` int(11) DEFAULT NULL,
  PRIMARY KEY (`planet_name`)
) ENGINE=InnoDB DEFAULT CHARSET=latin1;
/*!40101 SET character_set_client = @saved_cs_client */;

--
-- Dumping data for table `planet`
--

LOCK TABLES `planet` WRITE;
/*!40000 ALTER TABLE `planet` DISABLE KEYS */;
INSERT INTO `planet` VALUES ('acala','aylward','',3750,8328827,'JM6-DD, JM6-A, JM6-S, JM6-FB, CN9-A, CN9-D, CN9-YLW, CN9-AL, SHD-2D2, SHD-2H, SHD-5M, TDR-5S, TDR-9SE, TDR-5SS',0,2824,'lava.png','davion',18),('aix-la-chapelle','mech79','Max total tonnage of 650 per team',2180,12291098,'JR7-F, JR7-D, JR7-K, KTO-18, KTO-19, KTO-20, KTO-BOY, DGN-1C, DGN-5N, DGN-1N, DGN-FL, DGN-FA, dropship16',0,2230,'desert.png','kurita',36),('alcor','krazypoloc','No Jump Jets',2710,17769223,'CN9-A, CN9-D, CN9-AL, CN9-YLW, BLR-1D, BLR-1G, BLR-1S, VTR-DS, VTR-9S, VTR-9K, VTR-9B, SDR-5V, SDR-5K, SDR-5D',0,1240,'lava.png','lyran',32),('alshain','dankith','',1358,17966337,'QKD-4H, QKD-4G, QKD-5K, CN9-A, CN9-D, CN9-AL, CN9-YLW, KTO-18, KTO-19, KTO-BOY, KTO-20',0,2610,'blue.png','kurita',32),('antares','canuck307','No AMS',1145,20438948,'LCT-1V, LCT-3M, LCT-3S, VTR-DS, VTR-9S, VTR-9K, VTR-9B, dropship16',0,1038,'gas.png','lyran',29),('arcturus','canuck307','',1720,15563216,'QKD-4H, QKD-4G, QKD-5K, LCT-1V, LCT-3M, LCT-3S, HBK-4G, HBK-4H, HBK-4J, HBK-4P, HBK-4SP, CDA-X5, CDA-2A, CDA-2B, CDA-3C, CDA-3M, dropship16, dropship28',0,1304,'blue.png','lyran',17),('ardoz','dankith','No consumable barrage modules',1470,16979371,'HGN-732, HGN-733, HGN-733C, HGN-733P, HGN-HM, CPLT-C1, CPLT-C4, CPLT-A1, CPLT-K2, CPLT-J, DGN-FA, DGN-FL, DGN-1C, DGN-1N, DGN-5N, dropship16, dropship28',0,2356,'lava.png','kurita',23),('arganda','krazypoloc','',2670,27775930,'HBK-4G, HBK-4H, HBK-4J, HBK-4P, HBK-4SP, QKD-4H, QKD-4G, QKD-5K, SHD-2D2, SHD-2H, SHD-5M, COM-DK, COM-1D, COM-1B, COM-3A, COM-2D',0,820,'red.png','lyran',32),('asgard','vas79','',1450,17783020,'HGN-732, HGN-733, HGN-733C, HGN-733P, HGN-HM, SHD-2D2, SHD-2H, SHD-5M, RVN-3L, RVN-2X, RVN-4X, dropship16',0,2990,'earth.png','kurita',30),('atlas','longbowman','',4380,13048563,'AS7-D, AS7-D-DC, AS7-K, AS7-RS, AS7-BH, STK-M, STK-4N, STK-3H, STK-3F, STK-5M, STK-5S, JR7-D, JR7-F, JR7-K, CDA-X5, CDA-2A, CDA-2B, CDA-3C, CDA-3M',0,2950,'red.png','davion',29),('avigait','longbowman','',4500,12073221,'LCT-1V, LCT-3M, LCT-3S, STK-M, STK-4N, STK-3H, STK-3F, STK-5M, STK-5S, CDA-X5, CDA-2A, CDA-2B, CDA-3C, CDA-3M',0,2875,'earth.png','davion',25),('baldur','crazyhorse','',1740,16716597,'HGN-732, HGN-733, HGN-733C, HGN-733P, HGN-HM, HBK-4G, HBK-4H, HBK-4J, HBK-4P, HBK-4SP, DGN-FA, DGN-FL, DGN-1C, DGN-1N, DGN-5N, dropship16, dropship28',0,2460,'lava.png','kurita',32),('balsta','kwea','',395,7828376,'DGN-1C, DGN-5N, DGN-1N, DGN-FL, DGN-FA, CPLT-K2, CPLT-C1, CPLT-C4, CPLT-A1, CPLT-J, SDR-5V, SDR-5K, SDR-5D, HGN-733, HGN-732, HGN-HM, HGN-733P, HGN-733C, dropship16, dropship28',0,2350,'forest.png','frr',28),('barstow','3rdworld','',3250,26218367,'AS7-D, AS7-D-DC, AS7-K, AS7-RS, AS7-BH, BLR-1D, BLR-1G, BLR-1S, JM6-FB, JM6-A, JM6-DD, JM6-S, dropship16',0,3000,'forest.png','davion',22),('basiliano','vas79','',880,14086107,'STK-M, STK-4N, STK-3H, STK-3F, STK-5M, STK-5S, ON1-PR, ON1-K, ON1-M, ON1-V, ON1-VA, RVN-3L, RVN-2X, RVN-4X',0,1680,'forest.png','frr',24),('beenleigh','longbowman','',4550,8329374,'CN9-A, CN9-D, CN9-AL, CN9-YLW, JR7-D, JR7-F, JR7-K, QKD-4H, QKD-4G, QKD-5K, JM6-FB, JM6-A, JM6-DD, JM6-S',0,3250,'lava.png','davion',23),('bell','aylward','Max total tonnage of 550 per team',3700,7828760,'JR7-F, JR7-K, JR7-D, RVN-3L, RVN-2X, RVN-4X, CPLT-K2, CPLT-A1, CPLT-C1, CPLT-C4, CPLT-J',0,2476,'dark.png','davion',25),('benjamin','crazyhorse','',2120,14200000,'LCT-1V, LCT-3M, LCT-3S, CN9-A, CN9-D, CN9-AL, CN9-YLW, JR7-D, JR7-F, JR7-K, dropship16',1,2850,'gas.png','kurita',22),('berenson','krazypoloc','',3600,17857284,'JR7-D, JR7-F, JR7-K, QKD-4H, QKD-4G, QKD-5K, STK-M, STK-4N, STK-3H, STK-3F, STK-5M, STK-5S, CDA-X5, CDA-2A, CDA-2B, CDA-3C, CDA-3M',0,1630,'forest.png','marik',31),('bethel','aylward','No ECM',4050,16201401,'KTO-18, KTO-19, KTO-20, KTO-BOY, TBT-5J, TBT-7M, TBT-5N, TBT-3C, TBT-7K, STK-5M, STK-5S, STK-4N, STK-3H, STK-M, STK-3F, dropship16, dropship28, dropship40',0,2800,'earth.png','davion',24),('biham','3rdworld','No Jump Jets',2688,15629118,'JR7-D, JR7-F, JR7-K, HGN-732, HGN-733, HGN-733C, HGN-733P, HGN-HM, LCT-1V, LCT-3M, LCT-3S, KTO-18, KTO-19, KTO-BOY, KTO-20',0,2008,'desert.png','kurita',17),('biuque','hrunting','No PPCs',1210,18382760,'BLR-1D, BLR-1G, BLR-1S, BJ-1X, BJ-1DC, BJ-1, BJ-3, JR7-F, JR7-D, JR7-K',0,600,'blue.png','lyran',22),('blackjack','multitallented','',750,0,'CPLT-C1, CPLT-C4, CPLT-A1, CPLT-K2, JR7-D, JR7-F, JR7-K, LCT-1V, LCT-3M, LCT-3S, dropship16',1,840,'dark.png','davion',22),('caripare','vas79','Max total tonnage of 650 per team',1220,15661083,'HGN-732, HGN-733, HGN-733C, HGN-733P, HGN-HM, TDR-5S, TDR-5SS, TDR-9SE, HBK-4G, HBK-4H, HBK-4J, HBK-4P, HBK-4SP, RVN-3L, RVN-2X, RVN-4X',0,3150,'dark.png','kurita',25),('carmacks','longbowman','No Consumable Barrages',4300,7292374,'LCT-1V, LCT-3M, LCT-3S, BLR-1D, BLR-1G, BLR-1S, CDA-X5, CDA-2A, CDA-2B, CDA-3C, CDA-3M, dropship16, dropship28',0,3070,'desert.png','davion',28),('carstairs','hrunting','Each team must bring 3 mechs of each weight class',1870,12744236,'QKD-4H, QKD-4G, QKD-5K, CPLT-C1, CPLT-C4, CPLT-A1, CPLT-K2, COM-DK, COM-1D, COM-1B, COM-3A, COM-2D',0,1300,'desert.png','lyran',24),('chaffee','hrunting','No Jump Jets',2190,6824466,'AS7-D, AS7-D-DC, AS7-K, AS7-RS, AS7-BH, CN9-A, CN9-D, CN9-AL, CN9-YLW, QKD-4H, QKD-4G, QKD-5K, COM-DK, COM-1D, COM-1B, COM-3A, COM-2D',0,1210,'red.png','lyran',20),('charhar','talkpolite','Max total tonnage of 650 per team',750,9238947,'COM-1B, COM-1D, COM-3A, COM-DK, COM-2D, CPLT-K2, CPLT-A1, CPLT-C1, CPLT-C4, AS7-D, AS7-D-DC, AS7-RS, AS7-K, AS7-BH',0,640,'dark.png','lyran',23),('chatham','djo_maverick','No LRMs',1440,12448473,'ON1-PR, ON1-K, ON1-M, ON1-V, ON1-VA, JR7-D, JR7-F, JR7-K, HBK-4G, HBK-4H, HBK-4J, HBK-4P, HBK-4SP, dropship16',0,3370,'forest.png','kurita',19),('chukchi iii','hrunting','',1975,17949502,'LCT-1V, LCT-3M, LCT-3S, CPLT-K2, CPLT-C1, CPLT-A1, CPLT-C4, CPLT-J, SHD-2D2, SHD-2H, SHD-5M',0,730,'lava.png','lyran',19),('clovis','3rdworld','',2910,18429304,'CPLT-C1, CPLT-C4, CPLT-A1, CPLT-K2, CPLT-J, JR7-D, JR7-F, JR7-K, HBK-4G, HBK-4H, HBK-4J, HBK-4P, HBK-4SP, KTO-18, KTO-19, KTO-BOY, KTO-20, dropship16',0,2860,'dark.png','davion',17),('crimond','dankith','No Light mechs',1500,15403842,'BLR-1D, BLR-1G, BLR-1S, SHD-2D2, SHD-2H, SHD-5M, BJ-1, BJ-1DC, BJ-1X, BJ-3',0,1460,'dark.png','davion',16),('donegal','multitallented','',1780,2600000,'SHD-2D2, SHD-2H, SHD-5M, AS7-D, AS7-D-DC, AS7-K, AS7-RS, AS7-BH, CDA-X5, CDA-2A, CDA-2B, CDA-3C, CDA-3M, dropship16',1,642,'forest.png','davion',15),('dukambia','Unowned','Each team must bring 3 mechs of each weight class',1490,2274209,'CN9-A, CN9-D, CN9-AL, CN9-YLW, STK-M, STK-4N, STK-3H, STK-3F, STK-5M, STK-5S, CDA-X5, CDA-2A, CDA-2B, CDA-3C, CDA-3M',0,769,'gas.png','davion',24),('duran','hrunting','No AC2s',1810,9598760,'CN9-YLW, CN9-A, CN9-D, CN9-AL, TDR-5S, TDR-5SS, TDR-9SE, AS7-D, AS7-D-DC, AS7-RS, AS7-BH, AS7-K, dropship16',0,200,'gas.png','lyran',26),('dustball','canuck307','No Light mechs',1320,14228005,'CPLT-C1, CPLT-C4, CPLT-A1, CPLT-K2, CPLT-J, CN9-A, CN9-D, CN9-AL, CN9-YLW, QKD-4H, QKD-4G, QKD-5K, CDA-X5, CDA-2A, CDA-2B, CDA-3C, CDA-3M, dropship16',0,1146,'desert.png','davion',17),('edensburg','djo_maverick','',1000,15449937,'CN9-A, CN9-D, CN9-AL, CN9-YLW, BLR-1D, BLR-1G, BLR-1S, SHD-2D2, SHD-2H, SHD-5M, KTO-18, KTO-19, KTO-BOY, KTO-20',0,3720,'gas.png','kurita',18),('elbar','3rdworld','Max total tonnage of 750 per team',2975,19608402,'BJ-1, BJ-1DC, BJ-1X, BJ-3, ON1-PR, ON1-K, ON1-M, ON1-V, ON1-VA, SHD-2D2, SHD-2H, SHD-5M',0,2515,'gas.png','davion',25),('elissa','antares','',160,8600000,'All, dropship16, dropship28, dropship40',1,1640,'blue.png','clan',14),('emerson','aylward','',3675,11372766,'COM-1B, COM-1D, COM-3A, COM-DK, COM-2D, CPLT-K2, CPLT-A1, CPLT-C1, CPLT-C4, CPLT-J, AS7-D, AS7-D-DC, AS7-RS, AS7-K, AS7-BH',0,3070,'gas.png','davion',19),('farwell','aylward','Max total tonnage of 650 per team',3475,13472882,'VTR-9S, VTR-9B, VTR-9K, VTR-DS, QKD-4H, QKD-4G, QKD-5K, HBK-4H, HBK-4G, HBK-4J, HBK-4SP, HBK-4P, dropship16',0,2800,'desert.png','davion',23),('ferleiten','khavi vetali','',780,15957634,'CPLT-C1, CPLT-C4, CPLT-A1, CPLT-K2, CPLT-J, AS7-D, AS7-D-DC, AS7-K, AS7-RS, AS7-BH',0,2230,'blue.png','frr',20),('fortymile','longbowman','',4190,10384764,'AS7-D, AS7-D-DC, AS7-K, AS7-RS, AS7-BH, HGN-732, HGN-733, HGN-733C, HGN-733P, HGN-HM, VTR-DS, VTR-9S, VTR-9K, VTR-9B',0,3090,'lava.png','davion',25),('franklin','cef command','No PPCs',3030,16302988,'QKD-4H, QKD-4G, QKD-5K, ON1-PR, ON1-K, ON1-M, ON1-V, ON1-VA, BJ-1, BJ-1DC, BJ-1X, BJ-3, CDA-X5, CDA-2A, CDA-2B, CDA-3C, CDA-3M',0,3320,'blue.png','davion',31),('gan singh','blackstoneknights','',3590,8438290,'CTF-3D, CTF-2X, CTF-4X, CTF-1X, CTF-IM, RVN-3L, RVN-2X, RVN-4X, AS7-D, AS7-RS, AS7-BH, AS7-K, AS7-D-DC',0,2030,'blue.png','liao',29),('genoa','3rdworld','No Streak SRM2s',3470,20855542,'TDR-5S, TDR-5SS, TDR-9SE, SHD-2D2, SHD-2H, SHD-5M, HBK-4G, HBK-4H, HBK-4J, HBK-4P, HBK-4SP',0,2000,'earth.png','liao',20),('glasgow','blackwindlancers','No Consumable Barrages',4500,12328765,'LCT-3M, LCT-1V, LCT-3S, BJ-1, BJ-3, BJ-1DC, BJ-1X, CTF-3D, CTF-4X, CTF-2X, CTF-1X, CTF-IM, AWS-8Q, AWS-8R, AWS-8T, AWS-8V, AWS-9M, AWS-PB, dropship16',0,2030,'gas.png','liao',29),('gram','mech79','',1980,17095553,'TDR-5S, TDR-5SS, TDR-9SE, SHD-2D2, SHD-2H, SHD-5M, BJ-1, BJ-1DC, BJ-1X, BJ-3, DGN-FA, DGN-FL, DGN-1C, DGN-1N, DGN-5N',0,2150,'red.png','kurita',28),('great x','antares','',925,11628274,'COM-1D, COM-2D, COM-1B, COM-3A, COM-DK, CTF-3D, CTF-1X, CTF-2X, CTF-4X, CTF-IM, QKD-4G, QKD-4H, QKD-5K',0,650,'dark.png','lyran',16),('hainfield','dankith','No Light mechs',1380,17250313,'CN9-A, CN9-D, CN9-AL, CN9-YLW, BJ-1, BJ-1DC, BJ-1X, BJ-3, RVN-3L, RVN-2X, RVN-4X',0,1810,'red.png','frr',27),('hesperus ii','3rdworld','',2510,10210774,'JR7-D, JR7-F, JR7-K, SHD-2D2, SHD-2H, SHD-5M, COM-DK, COM-1D, COM-1B, COM-3A, COM-2D, dropship16',0,980,'lava.png','lyran',22),('hoff','crazyhorse','No consumable barrage modules',2840,14765874,'HGN-732, HGN-733, HGN-733C, HGN-733P, HGN-HM, LCT-1V, LCT-3M, LCT-3S, TDR-5S, TDR-5SS, TDR-9SE, dropship16',0,3490,'earth.png','davion',28),('holmsbu','bongfu','',215,6398992,'All, dropship16, dropship28, dropship40',1,2860,'forest.png','frr',24),('hood iv','talkpolite','',490,6547378,'JM6-DD, JM6-A, JM6-S, JM6-FB, CN9-A, CN9-D, CN9-YLW, CN9-AL, SHD-2D2, SHD-2H, SHD-5M, TDR-5S, TDR-9SE, TDR-5SS',0,390,'gas.png','lyran',19),('hyde','hrunting','',2200,10893835,'COM-1D, COM-1B, COM-2D, COM-3A, COM-DK, SHD-2D2, SHD-5M, SHD-2H, VTR-9S, VTR-9B, VTR-9K',0,580,'forest.png','lyran',21),('iijima','djo_maverick','',1680,7393478,'HBK-4G, HBK-4H, HBK-4J, HBK-4P, HBK-4SP, AS7-D, AS7-D-DC, AS7-K, AS7-RS, AS7-BH, LCT-1V, LCT-3M, LCT-3S, KTO-18, KTO-19, KTO-BOY, KTO-20',0,3470,'lava.png','kurita',19),('imalda','blackwindlancers','',4550,20392836,'CTF-3D, CTF-1X, CTF-2X, CTF-4X, CTF-IM, ON1-K, ON1-V, ON1-VA, ON1-M, ON1-PR, JR7-F, JR7-D, JR7-K, dropship16',0,2180,'gas.png','liao',16),('ingersoll','blackwindlancers','Max total tonnage of 750 per team',4150,12947840,'RVN-3L, RVN-2X, RVN-4X, TBT-5J, TBT-7M, TBT-5N, TBT-3C, TBT-7K, STK-M, STK-5S, STK-4N, STK-5M, STK-3H, STK-3F, QKD-4H, QKD-4G, QKD-5K',0,1800,'desert.png','marik',26),('irurzun','cef command','Max total tonnage of 550 per team',2400,6606845,'SHD-2D2, SHD-2H, SHD-5M, QKD-4H, QKD-4G, QKD-5K, dropship16, dropship28',0,3000,'desert.png','kurita',27),('itabaiana','vas79','',1080,14592058,'BJ-1, BJ-1DC, BJ-1X, BJ-3, STK-M, STK-4N, STK-3H, STK-3F, STK-5M, STK-5S, AS7-D, AS7-D-DC, AS7-K, AS7-RS, AS7-BH, RVN-3L, RVN-2X, RVN-4X, dropship16, dropship28',0,3000,'forest.png','kurita',22),('kagoshima','djo_maverick','',1390,8293478,'STK-M, STK-4N, STK-3H, STK-3F, STK-5M, STK-5S, TDR-5S, TDR-5SS, TDR-9SE, DGN-1N, DGN-5N, DGN-1C, DGN-FL, DGN-FA',0,3500,'earth.png','kurita',25),('kanowit','m4rti','',1545,9072894,'HGN-732, HGN-733, HGN-733C, HGN-733P, HGN-HM, SDR-5D, SDR-5V, SDR-5K, CPLT-C1, CPLT-A1, CPLT-C4, CPLT-K2, CPLT-J, DGN-1N, DGN-1C, DGN-5N, DGN-FL, DGN-FA, dropship16',0,2750,'forest.png','kurita',28),('kathil','aylward','',3960,18928322,'HGN-732, HGN-733P, HGN-733, HGN-733C, HGN-HM, JR7-F, JR7-D, JR7-K, CPLT-C1, CPLT-C4, CPLT-A1, CPLT-K2, CPLT-J, QKD-4H, QKD-4G, QKD-5K, dropship16, dropship28',1,3100,'forest.png','davion',32),('kempten','dankith','No Jump Jets',1178,19473764,'BLR-1D, BLR-1G, BLR-1S, DGN-FA, DGN-FL, DGN-1C, DGN-1N, DGN-5N, dropship16, dropship28',0,2389,'desert.png','frr',24),('kentares iv','3rdworld','',3060,17200000,'ON1-PR, ON1-K, ON1-M, ON1-V, ON1-VA, LCT-1V, LCT-3M, LCT-3S, BLR-1D, BLR-1G, BLR-1S, VTR-DS, VTR-9S, VTR-9K, VTR-9B',1,2600,'earth.png','davion',30),('kigamboni','longbowman','Max total tonnage of 750 per team',4350,5238444,'QKD-4H, QKD-4G, QKD-5K, ON1-PR, ON1-K, ON1-M, ON1-V, ON1-VA, BLR-1D, BLR-1G, BLR-1S, CTF-IM, CTF-3D, CTF-1X, CTF-2X, CTF-4X',0,3450,'dark.png','davion',19),('kirchbach','antares','Max total tonnage of 750 per team',625,16792488,'AS7-D, AS7-D-DC, AS7-K, AS7-RS, AS7-BH, HGN-732, HGN-733, HGN-733C, HGN-733P, HGN-HM, QKD-4H, QKD-4G, QKD-5K, KTO-18, KTO-19, KTO-BOY, KTO-20',0,1493,'desert.png','frr',32),('kitzingen','hrunting','',2445,9464695,'ON1-K, ON1-VA, ON1-V, ON1-PR, ON1-M, VTR-9S, VTR-DS, VTR-9K, VTR-9B, dropship16, dropship28',0,480,'dark.png','lyran',16),('kookens pleasure pit','canuck307','No PPCs',840,17943760,'JR7-D, JR7-F, JR7-K, TDR-5S, TDR-5SS, TDR-9SE, VTR-DS, VTR-9S, VTR-9K, VTR-9B, dropship16',0,870,'lava.png','lyran',24),('koumi','djo_maverick','',1910,7365142,'QKD-4H, QKD-4G, QKD-5K, BJ-1, BJ-1DC, BJ-1X, BJ-3, AS7-D, AS7-D-DC, AS7-K, AS7-RS, AS7-BH, KTO-18, KTO-19, KTO-BOY, KTO-20, SDR-5D, SDR-5K, SDR-5V',0,3400,'red.png','kurita',28),('krievci','hrunting','',1400,12293074,'CDA-2A, CDA-2B, CDA-X5, CDA-3M, CDA-3C, CPLT-K2, CPLT-C1, CPLT-C4, CPLT-A1, CPLT-J, HBK-4H, HBK-4G, HBK-4J, HBK-4SP, HBK-4P, SDR-5D, SDR-5V, SDR-5K, dropship16',0,500,'blue.png','lyran',19),('krin','blackwindlancers','No Consumable Barrages',4400,8092737,'SDR-5D, SDR-5K, SDR-5V, TDR-5S, TDR-5SS, TDR-9SE, BJ-1, BJ-1DC, BJ-3, BJ-1X, LCT-1V, LCT-3S, LCT-3M',0,1830,'blue.png','liao',24),('kufstein','khavi vetali','',900,19819445,'STK-M, STK-4N, STK-3H, STK-3F, STK-5M, STK-5S, QKD-4H, QKD-4G, QKD-5K, KTO-18, KTO-19, KTO-BOY, KTO-20, dropship16',0,1930,'red.png','frr',32),('lackland','cef command','No AMS',3270,11930382,'BJ-1, BJ-1DC, BJ-1X, BJ-3, HBK-4G, HBK-4H, HBK-4J, HBK-4P, HBK-4SP, JR7-D, JR7-F, JR7-K, dropship16',0,3680,'blue.png','davion',14),('lee','aylward','',3900,12274689,'JM6-DD, JM6-A, JM6-S, JM6-FB, CN9-A, COM-2D, COM-1D, COM-1B, COM-3A, COM-DK, SHD-2D2, SHD-2H, SHD-5M, TDR-5S, TDR-9SE, TDR-5SS',0,2700,'red.png','davion',20),('leoben','bongfu','',395,5039673,'ON1-PR, ON1-K, ON1-M, ON1-V, ON1-VA, SHD-2D2, SHD-2H, SHD-5M, TDR-5S, TDR-5SS, TDR-9SE, RVN-3L, RVN-2X, RVN-4X',1,2670,'desert.png','frr',18),('ludwig','3rdworld','No Light mechs',2600,26039286,'CPLT-C1, CPLT-C4, CPLT-A1, CPLT-K2, CPLT-J ON1-PR, ON1-K, ON1-M, ON1-V, ON1-VA, DGN-FA, DGN-FL, DGN-1C, DGN-1N, DGN-5N',0,2805,'forest.png','kurita',19),('mararn','cef command','',3300,13377344,'CPLT-C1, CPLT-C4, CPLT-A1, CPLT-K2, CPLT-J, QKD-4H, QKD-4G, QKD-5K, STK-M, STK-4N, STK-3H, STK-3F, STK-5M, STK-5S, JM6-FB, JM6-A, JM6-DD, JM6-S',0,3400,'earth.png','davion',21),('marlowes rift','cef command','',2590,14884158,'ON1-PR, ON1-K, ON1-M, ON1-V, ON1-VA, JR7-D, JR7-F, JR7-K, RVN-3L, RVN-2X, RVN-4X, dropship16, dropship28',0,3370,'dark.png','kurita',32),('matsuida','cef command','',2380,9200000,'QKD-4H, QKD-4G, QKD-5K, CN9-A, CN9-D, CN9-AL, CN9-YLW, KTO-18, KTO-19, KTO-BOY, KTO-20',1,3790,'gas.png','kurita',22),('maule','dankith','',1538,14618394,'JR7-D, JR7-F, JR7-K, HBK-4G, HBK-4H, HBK-4J, HBK-4P, HBK-4SP, CPLT-C1, CPLT-C4, CPLT-A1, CPLT-K2, CPLT-J, RVN-3L, RVN-2X, RVN-4X',0,2249,'red.png','frr',29),('memmingen','dankith','',1150,15326502,'HBK-4G, HBK-4H, HBK-4J, HBK-4P, HBK-4SP, SHD-2D2, SHD-2H, SHD-5M, BLR-1D, BLR-1G, BLR-1S',0,2020,'blue.png','frr',24),('menkar','aylward','',3600,16578766,'JR7-D, JR7-F, JR7-K, HGN-732, HGN-733, HGN-733C, HGN-733P, HGN-HM, CPLT-C1, CPLT-C4, CPLT-A1, CPLT-K2, CPLT-J, RVN-3L, RVN-2X, RVN-4X, SDR-5D, SDR-5V, SDR-5K',0,2400,'forest.png','liao',14),('midway','djo_maverick','Max total tonnage of 550 per team',1700,8992760,'BLR-1D, BLR-1G, BLR-1S, HBK-4G, HBK-4H, HBK-4J, HBK-4P, HBK-4SP, ON1-PR, ON1-K, ON1-M, ON1-V, ON1-VA',0,3800,'desert.png','kurita',27),('milton','3rdworld','No ECM',3048,14322717,'HBK-4G, HBK-4H, HBK-4J, HBK-4P, HBK-4SP, STK-M, STK-4N, STK-3H, STK-3F, STK-5M, STK-5S, CDA-X5, CDA-2A, CDA-2B, CDA-3C, CDA-3M',0,1435,'earth.png','lyran',16),('minnacora','blackwindlancers','',4200,12748329,'HBK-4G, HBK-4H, HBK-4P, HBK-4SP, HBK-4J, AS7-D, AS7-D-DC, AS7-RS, AS7-BH, AS7-K, CTF-3D, CTF-1X, CTF-2X, CTF-4X, CTF-IM, CDA-3M, CDA-2A, CDA-2B, CDA-3C, CDA-X5',0,2500,'earth.png','liao',20),('mira','3rdworld','',3290,21485930,'BJ-1, BJ-1DC, BJ-1X, BJ-3, HBK-4G, HBK-4H, HBK-4J, HBK-4P, HBK-4SP, TDR-5S, TDR-5SS, TDR-9SE, VTR-DS, VTR-9S, VTR-9K, VTR-9B, dropship16',0,2510,'desert.png','davion',28),('monhegan','shadowwolf jerricho','',4250,4585997,'TDR-5S, TDR-5SS, TDR-9SE, HGN-732, HGN-733, HGN-733C, HGN-733P, HGN-HM, SHD-2D2, SHD-2H, SHD-5M, CTF-IM, CTF-3D, CTF-1X, CTF-2X, CTF-4X, dropship16',1,2700,'dark.png','liao',27),('montmarault','canuck307','',1200,23508258,'HGN-732, HGN-733, HGN-733C, HGN-733P, HGN-HM, STK-M, STK-4N, STK-3H, STK-3F, STK-5M, STK-5S, TDR-5S, TDR-5SS, TDR-9SE, VTR-DS, VTR-9S, VTR-9K, VTR-9B, dropship16, dropship28',0,1420,'forest.png','davion',17),('mordialloc','longbowman','',4550,14472843,'LCT-1V, LCT-3M, LCT-3S, CN9-A, CN9-D, CN9-AL, CN9-YLW, AS7-D, AS7-D-DC, AS7-K, AS7-RS, AS7-BH, VTR-DS, VTR-9S, VTR-9K, VTR-9B, dropship16-S',1,3570,'gas.png','davion',23),('nestor','krazypoloc','',3114,17537440,'JR7-D, JR7-F, JR7-K, BLR-1D, BLR-1G, BLR-1S, TBT-3C, TBT-5J, TBT-5N, TBT-7M, TBT-7K',0,616,'dark.png','marik',17),('new caledonia','antares','',430,10829368,'SHD-2D2, SHD-2H, SHD-5M, AS7-D, AS7-D-DC, AS7-K, AS7-RS, AS7-BH, ON1-PR, ON1-K, ON1-M, ON1-V, ON1-VA, KTO-18, KTO-19, KTO-BOY, KTO-20, dropship16',0,1450,'red.png','frr',20),('new kyoto','krazypoloc','',2863,13582222,'HGN-732, HGN-733, HGN-733C, HGN-733P, HGN-HM, JR7-D, JR7-F, JR7-K, HBK-4G, HBK-4H, HBK-4J, HBK-4P, HBK-4SP, COM-DK, COM-1D, COM-1B, COM-3A, COM-2D, dropship16, dropship28',0,940,'lava.png','lyran',20),('new oslo','kwea','No Jump Jets',500,8376937,'LCT-1V, LCT-3M, LCT-3S, HBK-4G, HBK-4H, HBK-4J, HBK-4P, TDR-5S, TDR-5SS, TDR-9SE, DGN-FA, DGN-FL, DGN-1C, DGN-1N, DGN-5N, dropship16, dropship28',0,2240,'lava.png','frr',22),('oshika','multitallented','',1920,0,'ON1-PR, ON1-K, ON1-M, ON1-V, ON1-VA, BLR-1D, BLR-1G, BLR-1S, RVN-3L, RVN-2X, RVN-4X, dropship16',1,3720,'forest.png','kurita',28),('outreach','multitallented','No Streak SRM2s',3178,0,'CPLT-C1, CPLT-C4, CPLT-A1, CPLT-K2, CPLT-J, ON1-PR, ON1-K, ON1-M, ON1-V, ON1-VA, HBK-4G, HBK-4H, HBK-4J, HBK-4P, HBK-4SP',1,1746,'red.png','admin',20),('ozawa','3rdworld','',2800,25901846,'CN9-A, CN9-D, CN9-AL, CN9-YLW, AS7-D, AS7-D-DC, AS7-K, AS7-RS, AS7-BH, CPLT-C1, CPLT-C4, CPLT-A1, CPLT-K2, CPLT-J, CTF-IM, CTF-3D, CTF-1X, CTF-2X, CTF-4X',0,2260,'lava.png','davion',27),('pandora','canuck307','',1490,10879478,'QKD-4H, QKD-4G, QKD-5K, CPLT-C1, CPLT-C4, CPLT-A1, CPLT-K2, CPLT-J, JM6-FB, JM6-A, JM6-DD, JM6-S',0,1260,'dark.png','davion',27),('peacock','m4rti','',1720,3687636,'AS7-D, AS7-D-DC, AS7-K, AS7-RS, AS7-BH, CPLT-C1, CPLT-C4, CPLT-A1, CPLT-K2, CPLT-J, HGN-732, HGN-733, HGN-733C, HGN-733P, HGN-HM',0,2955,'earth.png','kurita',27),('phact','krazypoloc','No ECM',3900,21036280,'BJ-1, BJ-1DC, BJ-1X, BJ-3, ON1-PR, ON1-K, ON1-M, ON1-V, ON1-VA, LCT-1V, LCT-3M, LCT-3S, CTF-IM, CTF-3D, CTF-1X, CTF-2X, CTF-4X',0,1800,'forest.png','liao',22),('port moseby','dankith','',1760,18701750,'TDR-5S, TDR-5SS, TDR-9SE, ON1-PR, ON1-K, ON1-M, ON1-V, ON1-VA, COM-DK, COM-1D, COM-1B, COM-3A, COM-2D',0,1649,'gas.png','lyran',21),('radlje','vas79','',673,8295545,'LCT-1V, LCT-3M, LCT-3S, CPLT-C1, CPLT-C4, CPLT-A1, CPLT-K2, DGN-FA, DGN-FL, DGN-1C, DGN-1N, DGN-5N',0,2645,'blue.png','frr',22),('radstadt','dankith','',1100,13400000,'SHD-2D2, SHD-2H, SHD-5M, CPLT-C1, CPLT-C4, CPLT-A1, CPLT-K2, CPLT-J',1,2330,'earth.png','frr',17),('redfield','blackwindlancers','No PPCs',4350,8953837,'SHD-2D2, SHD-2H, SHD-5M, QKD-4H, QKD-4G, QKD-5K, ON1-PR, ON1-K, ON1-M, ON1-V, ON1-VA, RVN-3L, RVN-2X, RVN-4X',0,2810,'forest.png','liao',19),('remulac','3rdworld','',3274,10809276,'AS7-D, AS7-D-DC, AS7-K, AS7-RS, AS7-BH, BLR-1D, BLR-1G, BLR-1S, LCT-1V, LCT-3M, LCT-3S, AWS-PB, AWS-8Q, AWS-8T, AWS-8V, AWS-9M, AWS-8R, SDR-5D, SDR-5K, SDR-5V, dropship16, dropship28',0,1420,'dark.png','marik',17),('robinson','multitallented','No ECM',3100,0,'HBK-4G, HBK-4H, HBK-4J, HBK-4P, HBK-4SP, QKD-4H, QKD-4G, QKD-5K, HGN-732, HGN-733, HGN-733C, HGN-733P, HGN-HM, VTR-DS, VTR-9S, VTR-9K, VTR-9B',1,3170,'red.png','davion',16),('ryde','gman129','',2100,23898296,'JR7-D, JR7-F, JR7-K, AS7-D, AS7-D-DC, AS7-K, AS7-RS, AS7-BH, BLR-1D, BLR-1G, BLR-1S, CDA-X5, CDA-2A, CDA-2B, CDA-3C, CDA-3M, dropship16',0,1576,'forest.png','lyran',26),('sakhalin','blackwindlancers','',3940,9829370,'JR7-F, JR7-K, JR7-D, RVN-3L, RVN-2X, RVN-4X, CPLT-K2, CPLT-J, CPLT-A1, CPLT-C1, CPLT-C4, TDR-5S, TDR-5SS, TDR-9SE',0,2370,'earth.png','liao',26),('salem','aylward','No PPCs',4150,13283678,'STK-3H, STK-3F, STK-4N, STK-5S, STK-5M, STK-M, JM6-S, JM6-A, JM6-DD, JM6-FB, CN9-A, CN9-D, CN9-AL, CN9-YLW, SDR-5D, SDR-5V, SDR-5K',0,3400,'lava.png','davion',27),('saravan','hrunting','',1605,14038298,'LCT-1V, LCT-3M, LCT-3S, JM6-S, JM6-A, JM6-DD, JM6-FB, CPLT-K2, CPLT-J, CPLT-A1, CPLT-C1, CPLT-C4, dropship16',0,350,'dark.png','lyran',18),('scudder','aylward','No Jump Jets',3550,15128822,'HGN-732, HGN-733P, HGN-733, HGN-733C, HGN-HM, LCT-3M, LCT-1V, LCT-3S, CDA-3M, CDA-2A, CDA-3C, CDA-2B, CDA-X5',0,3240,'blue.png','davion',26),('second try','blackwindlancers','',3740,14503814,'VTR-9S, VTR-9B, VTR-9K, VTR-DS, QKD-4H, QKD-4G, QKD-5K, HBK-4H, HBK-4G, HBK-4J, HBK-4SP, HBK-4P, dropship16',0,2200,'lava.png','davion',17),('senftenberg','hrunting','No Jump Jets',2725,7396450,'SDR-5D, SDR-5K, SDR-5V, STK-5M, STK-4N, STK-5S, STK-3F, STK-M, STK-3H, QKD-4H, QKD-4G, QKD-5K',0,500,'lava.png','lyran',25),('shiloh','krazypoloc','',2954,17313888,'STK-M, STK-4N, STK-3H, STK-3F, STK-5M, STK-5S, QKD-4H, QKD-4G, QKD-5K, BLR-1D, BLR-1G, BLR-1S, AWS-PB, AWS-8Q, AWS-8T, AWS-8V, AWS-9M, AWS-8R, dropship16, dropship28',1,1152,'dark.png','marik',28),('shimonoseki','djo_maverick','No Consumable Barrages',1480,9872846,'SHD-2D2, SHD-2H, SHD-5M, TDR-5S, TDR-5SS, TDR-9SE, KTO-18, KTO-19, KTO-BOY, KTO-20, dropship16',1,3560,'dark.png','kurita',22),('shirotori','dankith','',1680,23384920,'CN9-A, CN9-D, CN9-AL, CN9-YLW, TDR-5S, TDR-5SS, TDR-9SE, AS7-D, AS7-D-DC, AS7-K, AS7-RS, AS7-BH, dropship16',0,2016,'earth.png','kurita',32),('shitara','3rdworld','No AMS',2288,11991560,'HGN-732, HGN-733, HGN-733C, HGN-733P, HGN-HM, AS7-D, AS7-D-DC, AS7-K, AS7-RS, AS7-BH, QKD-4H, QKD-4G, QKD-5K, KTO-18, KTO-19, KTO-BOY, KTO-20',0,1908,'lava.png','kurita',25),('skye','deadfire','',2536,13400000,'QKD-4H, QKD-4G, QKD-5K, SHD-2D2, SHD-2H, SHD-5M, LCT-1V, LCT-3M, LCT-3S',1,1450,'blue.png','lyran',20),('smolnik','hrunting','',2000,19002893,'CN9-D, CN9-A, CN9-AL, CN9-YLW, HGN-733C, HGN-733, HGN-732, HGN-HM, HGN-733P',0,475,'blue.png','lyran',28),('solaris','multitallented','',2990,0,'ON1-PR, ON1-K, ON1-M, ON1-V, ON1-VA, HBK-4G, HBK-4H, HBK-4J, HBK-4P, HBK-4SP, BLR-1D, BLR-1G, BLR-1S, KTO-18, KTO-19, KTO-BOY, KTO-20, dropship16, dropship28',1,992,'gas.png','lyran',28),('sonnia','3rdworld','',3220,27512971,'BJ-1, BJ-1DC, BJ-1X, BJ-3, CN9-A, CN9-D, CN9-AL, CN9-YLW, LCT-1V, LCT-3M, LCT-3S, dropship16, dropship28',0,2600,'earth.png','davion',24),('spittal','dankith','',950,20772646,'BJ-1, BJ-1DC, BJ-1X, BJ-3, CPLT-C1, CPLT-C4, CPLT-A1, CPLT-K2, CPLT-J, dropship16, dropship28',0,2620,'gas.png','frr',20),('st ives','blackwindlancers','',4450,4000000,'RVN-3L, RVN-2X, RVN-4X, CN9-A, CN9-D, CN9-AL, CN9-YLW, LCT-3M, LCT-1V, LCT-3S, HGN-732, HGN-733, HGN-733C, HGN-733P, HGN-HM, dropship16, dropship28',1,2600,'earth.png','liao',31),('stewart','krazypoloc','',3460,25332001,'HGN-732, HGN-733, HGN-733C, HGN-733P, HGN-HM, CN9-A, CN9-D, CN9-AL, CN9-YLW, HBK-4G, HBK-4H, HBK-4J, HBK-4P, HBK-4SP, CDA-X5, CDA-2A, CDA-2B, CDA-3C, CDA-3M',0,951,'earth.png','marik',15),('summer','krazypoloc','',2796,15077690,'SHD-2D2, SHD-2H, SHD-5M, BJ-1, BJ-1DC, BJ-1X, BJ-3, HGN-732, HGN-733, HGN-733C, HGN-733P, HGN-HM, dropship16',0,1500,'blue.png','lyran',31),('summit','canuck307','',1620,13970617,'TDR-5S, TDR-5SS, TDR-9SE, JR7-D, JR7-F, JR7-K, STK-M, STK-4N, STK-3H, STK-3F, STK-5M, STK-5S, CTF-IM, CTF-3D, CTF-1X, CTF-2X, CTF-4X',0,980,'lava.png','davion',20),('sutama','cef command','',2220,8379642,'JR7-D, JR7-F, JR7-K, BJ-1, BJ-1DC, BJ-1X, BJ-3, KTO-18, KTO-19, KTO-BOY, KTO-20',0,2580,'gas.png','kurita',24),('tamar','multitallented','',1100,0,'CPLT-C1, CPLT-C4, CPLT-A1, CPLT-K2, CPLT-J, STK-M, STK-4N, STK-3H, STK-3F, STK-5M, STK-5S, BLR-1D, BLR-1G, BLR-1S, KTO-18, KTO-19, KTO-BOY, KTO-20',1,1810,'earth.png','davion',27),('terra','multitallented','',2968,0,'HGN-732, HGN-733, HGN-733C, HGN-733P, HGN-HM, STK-M, STK-4N, STK-3H, STK-3F, STK-5M, STK-5S, CN9-A, CN9-D, CN9-AL, CN9-YLW',1,1786,'earth.png','admin',31),('terra firma','will hellfire','',3300,11372947,'VTR-9S, VTR-9B, VTR-9K, VTR-DS, QKD-4H, QKD-4G, QKD-5K, HBK-4H, HBK-4G, HBK-4J, HBK-4SP, HBK-4P, dropship16, dropship28',0,1900,'blue.png','davion',26),('tharkad','hrunting','',1810,11392974,'COM-1D, COM-DK, COM-2D, COM-1B, COM-3A, CDA-2A, CDA-2B, CDA-3C, CDA-3M, CDA-X5, AS7-D-DC, AS7-D, AS7-BH, AS7-RS, AS7-K, dropship16, dropship28',1,422,'earth.png','lyran',17),('thessalonika','vas79','',1143,19738290,'CPLT-C1, CPLT-C4, CPLT-A1, CPLT-K2, CPLT-J, JR7-D, JR7-F, JR7-K, KTO-18, KTO-19, KTO-BOY, KTO-20, dropship16, dropship28',0,2690,'lava.png','kurita',25),('tikonov','3rdworld','No PPCs',3200,19807419,'ON1-PR, ON1-K, ON1-M, ON1-V, ON1-VA, STK-M, STK-4N, STK-3H, STK-3F, STK-5M, STK-5S, VTR-DS, VTR-9S, VTR-9K, VTR-9B, dropship16, dropship28',0,2440,'earth.png','davion',30),('toland','antares','',290,10265360,'QKD-4H, QKD-4G, QKD-5K, BLR-1D, BLR-1G, BLR-1S, CN9-A, CN9-D, CN9-AL, CN9-YLW, KTO-18, KTO-19, KTO-BOY, KTO-20',0,1110,'blue.png','davion',26),('tortuga prime','cef command','',3600,10597168,'HBK-4G, HBK-4H, HBK-4J, HBK-4P, HBK-4SP, CPLT-C1, CPLT-C4, CPLT-A1, CPLT-K2, CPLT-J, dropship16',0,3700,'dark.png','pirate',28),('trent','3rdworld','',2275,10282747,'HGN-732, HGN-733, HGN-733C, HGN-733P, HGN-HM, ON1-PR, ON1-K, ON1-M, ON1-V, ON1-VA, STK-M, STK-4N, STK-3H, STK-3F, STK-5M, STK-5S, dropship16, dropship28',0,880,'lava.png','lyran',14),('tripoli','cef command','',2750,13901876,'QKD-4H, QKD-4G, QKD-5K, ON1-PR, ON1-K, ON1-M, ON1-V, ON1-VA, DGN-FA, DGN-FL, DGN-1C, DGN-1N, DGN-5N, dropship16',0,3070,'lava.png','kurita',14),('tukayyid','dankith','Max total tonnage of 650 per team',1540,20308296,'STK-M, STK-4N, STK-3H, STK-3F, STK-5M, STK-5S, BLR-1D, BLR-1G, BLR-1S, DGN-FA, DGN-FL, DGN-1C, DGN-1N, DGN-5N',0,1950,'forest.png','frr',16),('unity','djo_maverick','',1140,13448563,'CPLT-C1, CPLT-C4, CPLT-A1, CPLT-K2, CPLT-J, HBK-4G, HBK-4H, HBK-4J, HBK-4P, HBK-4SP, QKD-4H, QKD-4G, QKD-5K, DGN-FA, DGN-FL, DGN-1C, DGN-1N, DGN-5N',0,3600,'blue.png','kurita',29),('unzmarkt','khavi vetali','',710,16885602,'JR7-D, JR7-F, JR7-K, CN9-A, CN9-D, CN9-AL, CN9-YLW, BLR-1D, BLR-1G, BLR-1S, DGN-FA, DGN-FL, DGN-1C, DGN-1N, DGN-5N',0,1960,'earth.png','frr',29),('upano','hrunting','',1580,15382930,'HBK-4H, HBK-4J, HBK-4P, HBK-4G, HBK-4SP, CTF-3D, CTF-1X, CTF-2X, CTF-IM, CTF-4X, STK-3H, STK-3F, STK-4N, STK-5S, STK-5M',0,630,'desert.png','lyran',20),('valmiera','cef command','No ECM',2260,5567310,'JR7-D, JR7-F, JR7-K, ON1-PR, ON1-K, ON1-M, ON1-V, ON1-VA, BJ-1, BJ-1DC, BJ-1X, BJ-3',0,3410,'earth.png','kurita',21),('vantaa','antares','',775,15547588,'ON1-PR, ON1-K, ON1-M, ON1-V, ON1-VA, STK-M, STK-4N, STK-3H, STK-3F, STK-5M, STK-5S, CN9-A, CN9-D, CN9-AL, CN9-YLW',0,1170,'forest.png','davion',29),('veckholm','hrunting','',1920,12950737,'ON1-PR, ON1-K, ON1-M, ON1-V, ON1-VA, CPLT-C1, CPLT-C4, CPLT-A1, CPLT-K2, CPLT-J, KTO-18, KTO-19, KTO-BOY, KTO-20',0,1020,'forest.png','lyran',23),('vega','3rdworld','Max total tonnage of 550 per team',2030,2586043,'HBK-4G, HBK-4H, HBK-4J, HBK-4P, HBK-4SP, BLR-1D, BLR-1G, BLR-1S, JR7-D, JR7-F, JR7-K, RVN-3L, RVN-2X, RVN-4X',0,1680,'red.png','kurita',15),('vestallas','blackwindlancers','Max total tonnage of 650 per team',4500,13294688,'SHD-2D2, SHD-5M, SHD-2H, CDA-2A, CDA-2B, CDA-3M, CDA-3C, CDA-X5, BLR-1G, BLR-1D, BLR-1S',0,2330,'dark.png','liao',34),('waddesdon','3rdworld','',2500,21414105,'SHD-2D2, SHD-2H, SHD-5M, STK-M, STK-4N, STK-3H, STK-3F, STK-5M, STK-5S, RVN-3L, RVN-2X, RVN-4X, SDR-5D, SDR-5V, SDR-5K',0,2490,'lava.png','kurita',18),('winfield','antares','',470,15348288,'TDR-5S, TDR-5SS, TDR-9SE, BLR-1D, BLR-1G, BLR-1S, JM6-FB, JM6-A, JM6-DD, JM6-S, dropship16',0,1090,'desert.png','davion',30),('woodstock','3rdworld','No Light mechs',3200,14544853,'BLR-1D, BLR-1G, BLR-1S, SHD-2D2, SHD-2H, SHD-5M, HBK-4G, HBK-4H, HBK-4J, HBK-4P, HBK-4SP, CDA-X5, CDA-2A, CDA-2B, CDA-3C, CDA-3M, dropship16',0,2150,'forest.png','davion',19),('yumesta','djo_maverick','No Consumable Barrages',1510,1623697,'BLR-1D, BLR-1G, BLR-1S, CPLT-C1, CPLT-C4, CPLT-A1, CPLT-K2, CPLT-J, DGN-FA, DGN-FL, DGN-1C, DGN-1N, DGN-5N',0,3200,'red.png','kurita',32),('zoetermeer','antares','',1006,9705457,'LCT-1V, LCT-3M, LCT-3S, TDR-5S, TDR-5SS, TDR-9SE, VTR-DS, VTR-9S, VTR-9K, VTR-9B',0,1120,'desert.png','davion',22);
/*!40000 ALTER TABLE `planet` ENABLE KEYS */;
UNLOCK TABLES;

--
-- Table structure for table `roster`
--

DROP TABLE IF EXISTS `roster`;
/*!40101 SET @saved_cs_client     = @@character_set_client */;
/*!40101 SET character_set_client = utf8 */;
CREATE TABLE `roster` (
  `unit_leader` varchar(25) DEFAULT NULL,
  `url` varchar(500) DEFAULT NULL
) ENGINE=InnoDB DEFAULT CHARSET=latin1;
/*!40101 SET character_set_client = @saved_cs_client */;

--
-- Dumping data for table `roster`
--

LOCK TABLES `roster` WRITE;
/*!40000 ALTER TABLE `roster` DISABLE KEYS */;
INSERT INTO `roster` VALUES ('krazypoloc','http://mwomercs.com/forums/user/388147-krazypoloc/'),('krazypoloc','http://mwomercs.com/forums/user/336823-thaddios/'),('krazypoloc','http://mwomercs.com/forums/user/52551-lex420/'),('krazypoloc','http://mwomercs.com/forums/user/212293-smitbag/'),('krazypoloc','http://mwomercs.com/forums/user/435061-pdxmatt/'),('krazypoloc','http://mwomercs.com/forums/user/129057-timbar/'),('krazypoloc','http://mwomercs.com/forums/user/17634-filth-pig/'),('krazypoloc','http://mwomercs.com/forums/user/179760-elahen/'),('vas79','http://mwomercs.com/forums/user/111737-vas79/'),('vas79','http://mwomercs.com/forums/user/446681-dr-lemonsquare/'),('vas79','http://mwomercs.com/forums/user/19302-nodebate/'),('vas79','http://mwomercs.com/forums/user/61002-troggy/'),('vas79','http://mwomercs.com/forums/user/402206-auspride/'),('vas79','http://mwomercs.com/forums/user/130711-jackalhit/'),('vas79','http://mwomercs.com/forums/user/175385-gauss-dam/'),('vas79','http://mwomercs.com/forums/user/517712-dirtdiver1776/'),('mech79','http://mwomercs.com/forums/user/86690-mech79/'),('mech79','http://mwomercs.com/forums/user/48539-noonan/'),('mech79','http://mwomercs.com/forums/user/49384-werewolf486/'),('mech79','http://mwomercs.com/forums/user/29197-c0vvb3ll/'),('mech79','http://mwomercs.com/forums/user/945-miscreant/'),('mech79','http://mwomercs.com/forums/user/41297-immelmann/'),('mech79','http://mwomercs.com/forums/user/2875-phantom411/'),('mech79','http://mwomercs.com/forums/user/21249-darkblood/'),('greyghosts','http://mwomercs.com/forums/user/128714-woky/'),('greyghosts','http://mwomercs.com/forums/user/1306-shadow_x/'),('greyghosts','http://mwomercs.com/forums/user/18922-wynce/'),('greyghosts','http://mwomercs.com/forums/user/90791-omegawraith/'),('greyghosts','http://mwomercs.com/forums/user/8993-batwing/'),('greyghosts','http://mwomercs.com/forums/user/255087-diabolus-vulpes/'),('greyghosts','http://mwomercs.com/forums/user/403330-ashes42/'),('greyghosts','http://mwomercs.com/forums/user/187393-vanos/'),('dankith','http://mwomercs.com/forums/user/188531-dankith/'),('dankith','http://mwomercs.com/forums/user/316248-n-danger/'),('dankith','http://mwomercs.com/forums/user/426749-johnny-redburn/'),('dankith','http://mwomercs.com/forums/user/456678-gurrenx/'),('dankith','http://mwomercs.com/forums/user/420062-wip3ou7/'),('dankith','http://mwomercs.com/forums/user/389007-lysander-voidrunner/'),('dankith','http://mwomercs.com/forums/user/434620-xeff/'),('dankith','http://mwomercs.com/forums/user/187135-vulix/'),('cef command','http://mwomercs.com/forums/user/30394-william-mcnab/'),('cef command','http://mwomercs.com/forums/user/406276-nomadiccanuck/'),('cef command','http://mwomercs.com/forums/user/439430-phoenix-woot/'),('cef command','http://mwomercs.com/forums/user/33203-wob-particleman/'),('cef command','http://mwomercs.com/forums/user/3365-arwdassain/'),('cef command','http://mwomercs.com/forums/user/425533-sylintfrog/'),('cef command','http://cdnsmall.mwomercs.com/forums/user/107788-dark-fury/'),('cef command','http://mwomercs.com/forums/user/7350-trex/'),('deadfire','http://mwomercs.com/forums/user/53438-deadfire/'),('deadfire','http://mwomercs.com/forums/user/385072-vercinix/'),('deadfire','http://mwomercs.com/forums/user/10313-queenblade/'),('deadfire','http://mwomercs.com/forums/user/450767-grim57/'),('deadfire','http://mwomercs.com/forums/user/17203-r13/'),('deadfire','http://mwomercs.com/forums/user/388064-defunked/'),('deadfire','http://mwomercs.com/forums/user/290130-pikachar/'),('deadfire','http://mwomercs.com/forums/user/34199-rez-kalamari/'),('crazyhorse','http://mwomercs.com/forums/user/7967-crazyhorse/'),('crazyhorse','http://mwomercs.com/forums/user/19144-caballo/'),('crazyhorse','http://mwomercs.com/forums/user/440766-skrunjen/'),('crazyhorse','http://mwomercs.com/forums/user/434481-gusano/'),('crazyhorse','http://mwomercs.com/forums/user/96161-hyoga/'),('crazyhorse','http://mwomercs.com/forums/user/273614-god-and-davion/'),('crazyhorse','http://mwomercs.com/forums/user/273015-z3ro/'),('crazyhorse','http://mwomercs.com/forums/user/468609-khayron/'),('3rdworld','http://mwomercs.com/forums/user/49989-3rdworld/'),('3rdworld','http://mwomercs.com/forums/user/457681-caervyn/'),('3rdworld','http://mwomercs.com/forums/user/261601-antonius-rex/'),('3rdworld','http://mwomercs.com/forums/user/62040-imminent/'),('3rdworld','http://mwomercs.com/forums/user/198935-araara/'),('3rdworld','http://mwomercs.com/forums/user/71476-black-alexidor/'),('3rdworld','http://mwomercs.com/forums/user/440214-twinkyoverlord/'),('3rdworld','http://mwomercs.com/forums/user/131576-captain-terrific/'),('khavi vetali','http://mwomercs.com/forums/user/156422-khavi-vetali/'),('khavi vetali','http://mwomercs.com/forums/user/24304-lord-banshee/'),('khavi vetali','http://mwomercs.com/forums/user/366012-jordash/'),('khavi vetali','http://mwomercs.com/forums/user/128899-blast-tyrant/'),('khavi vetali','http://mwomercs.com/forums/user/309864-tranan/'),('khavi vetali','http://mwomercs.com/forums/user/87055-shakespeare/'),('khavi vetali','http://mwomercs.com/forums/user/31540-variable/'),('khavi vetali','http://mwomercs.com/forums/user/59327-grrzoot/'),('canuck307','http://mwomercs.com/forums/user/249645-canuck307/'),('canuck307','UBCSlayer'),('canuck307','DCM Zeus'),('canuck307','Blud Knite'),('canuck307','Gote 1000'),('canuck307','Motorbreath'),('canuck307','Weebi'),('canuck307','Fetal_Infection'),('antares','http://mwomercs.com/forums/user/445093-pisceszero/'),('antares','http://mwomercs.com/forums/user/160085-multitallented/'),('antares','http://mwomercs.com/forums/user/362335-avatarofwhat/'),('antares','http://mwomercs.com/forums/user/96389-mcharg/'),('antares','http://mwomercs.com/forums/user/274124-psikez/'),('antares','http://mwomercs.com/forums/user/212031-icebabe11/'),('antares','http://mwomercs.com/forums/user/418386-judge-redeemer/'),('antares','http://mwomercs.com/forums/user/149392-karl-split/'),('hrunting','http://mwomercs.com/forums/user/76485-hrunting/'),('hrunting','http://mwomercs.com/forums/user/101225-yerdead/'),('hrunting','http://mwomercs.com/forums/user/163798-parduke/'),('hrunting','http://mwomercs.com/forums/user/109343-hercu1/'),('hrunting','http://mwomercs.com/forums/user/250958-supernobody/'),('hrunting','http://mwomercs.com/forums/user/271148-poptart81/'),('hrunting','http://mwomercs.com/forums/user/396374-thatrobotguy/'),('hrunting','http://mwomercs.com/forums/user/438488-chopy/'),('gman129','http://mwomercs.com/forums/user/147124-gman129/'),('gman129','http://mwomercs.com/forums/user/46857-spunkmeyer/'),('gman129','http://mwomercs.com/forums/user/83262-twotime/'),('gman129','http://mwomercs.com/forums/user/226137-subterfuge3927/'),('gman129','http://mwomercs.com/forums/user/366622-jsarrakis/'),('gman129','http://mwomercs.com/forums/user/418861-btothebop/'),('gman129','http://mwomercs.com/forums/user/109092-wakamaka/'),('gman129','http://mwomercs.com/forums/user/182511-sirlagsalot/'),('m4rti','http://mwomercs.com/forums/user/173977-m4rti/'),('m4rti','http://mwomercs.com/forums/user/194138-darkhuntress/'),('m4rti','http://mwomercs.com/forums/user/173533-atradie/'),('m4rti','http://mwomercs.com/forums/user/260183-attero/'),('m4rti','http://mwomercs.com/forums/user/291636-blis/'),('m4rti','http://mwomercs.com/forums/user/231439-camie/'),('m4rti','http://mwomercs.com/forums/user/403693-huovi/'),('m4rti','http://mwomercs.com/forums/user/489381-oggi86/'),('blackstoneknights','http://mwomercs.com/forums/user/98407-sir-trent-howell/'),('blackstoneknights','http://mwomercs.com/forums/user/180576-xander-grey/'),('blackstoneknights','http://mwomercs.com/forums/user/406705-doones/'),('blackstoneknights','http://mwomercs.com/forums/user/98280-blackie-flawless/'),('blackstoneknights','http://mwomercs.com/forums/user/448372-phaedrusv/'),('blackstoneknights','http://mwomercs.com/forums/user/21824-black-templar/'),('blackstoneknights','http://mwomercs.com/forums/user/123369-blackfire87/'),('blackstoneknights','http://mwomercs.com/forums/user/32633-xiphias/'),('aylward','http://mwomercs.com/forums/user/3486-aylward/'),('aylward','Iron'),('aylward','Angus'),('aylward','C u j o'),('aylward','Fantastic Ergo'),('aylward','Straker'),('aylward','TalkPolite'),('aylward','Varrin Coursca'),('blackwindlancers','http://mwomercs.com/forums/user/450767-grim57/'),('blackwindlancers','http://mwomercs.com/forums/user/388064-defunked/'),('blackwindlancers','http://mwomercs.com/forums/user/34199-rez-kalamari/'),('blackwindlancers','http://mwomercs.com/forums/user/472356-kylewithasmile/'),('blackwindlancers','http://mwomercs.com/forums/user/231060-kageru-ikazuchi/'),('blackwindlancers','http://mwomercs.com/forums/user/314731-thefoxyshortbus/'),('blackwindlancers','http://mwomercs.com/forums/user/449353-bigsheist/'),('blackwindlancers','http://mwomercs.com/forums/user/75179-legendary357/'),('talkpolite','http://mwomercs.com/forums/user/396165-talkpolite/'),('talkpolite','http://mwomercs.com/forums/user/15417-lpmagic/'),('talkpolite','http://mwomercs.com/forums/user/437133-big-stretch/'),('talkpolite','http://mwomercs.com/forums/user/479892-kyle-wright/'),('talkpolite','http://mwomercs.com/forums/user/130321-xfactor76/'),('talkpolite','http://mwomercs.com/forums/user/490651-otherium/'),('talkpolite','http://mwomercs.com/forums/user/447498-abombs/'),('talkpolite','http://mwomercs.com/forums/user/488296-luthander/'),('bongfu','http://mwomercs.com/forums/user/272700-bongfu/'),('bongfu','http://mwomercs.com/forums/user/163987-mitzli-softpaw/'),('bongfu','http://mwomercs.com/forums/user/45103-alpha-wulf/'),('bongfu','http://mwomercs.com/forums/user/245452-caldis/'),('bongfu','http://mwomercs.com/forums/user/409741-morgn/'),('bongfu','http://mwomercs.com/forums/user/181591-thebigdog/'),('bongfu','http://mwomercs.com/forums/user/538764-diego-angelus/'),('bongfu','http://mwomercs.com/forums/user/457121-coffindancer/'),('kwea','http://mwomercs.com/forums/user/64212-kwea/'),('kwea',''),('kwea','http://mwomercs.com/forums/user/69404-yadda/'),('kwea','http://mwomercs.com/forums/user/17517-zack-esseth/'),('kwea','http://mwomercs.com/forums/user/288580-hungrylikealion/'),('kwea','http://mwomercs.com/forums/user/179347-machinech/'),('kwea','http://mwomercs.com/forums/user/107200-termite/'),('kwea','http://mwomercs.com/forums/user/472846-nekomimi2/'),('djo_maverick','http://mwomercs.com/forums/user/18773-djo-maverick/'),('djo_maverick','http://mwomercs.com/forums/user/303774-darwins-dog/'),('djo_maverick','http://mwomercs.com/forums/user/18820-pal/'),('djo_maverick','http://mwomercs.com/forums/user/349333-hightest/'),('djo_maverick','http://mwomercs.com/forums/user/158859-sgtferrissj/'),('djo_maverick','http://mwomercs.com/forums/user/157926-bongodrums/'),('djo_maverick','http://mwomercs.com/forums/user/441400-djo-geomancer/'),('djo_maverick','http://mwomercs.com/forums/user/20470-vasili/'),('will hellfire','http://mwomercs.com/forums/user/259574-will-hellfire/'),('will hellfire','http://mwomercs.com/forums/user/305044-naotaka/page__tab__status'),('will hellfire','http://mwomercs.com/forums/user/253078-fullmetaljackass/'),('will hellfire','http://mwomercs.com/forums/user/439643-cyborx/page__tab__status'),('will hellfire','http://mwomercs.com/forums/user/404519-evil2/'),('will hellfire','http://mwomercs.com/forums/user/431286-un5een/'),('will hellfire','http://mwomercs.com/forums/user/65527-yorinaga/page__tab__posts'),('will hellfire','http://mwomercs.com/forums/user/82665-naginata/page__tab__posts'),('longbowman','http://mwomercs.com/forums/user/17568-longbow/'),('longbowman','http://mwomercs.com/forums/user/34397-wolverine59/'),('longbowman','http://mwomercs.com/forums/user/516265-field-marshal-stonewall/'),('longbowman','http://mwomercs.com/forums/user/465386-hastalavistamec/'),('longbowman','http://mwomercs.com/forums/user/2355-alareth/'),('longbowman','http://mwomercs.com/forums/user/64683-seeker-1/'),('longbowman','http://mwomercs.com/forums/user/72637-coilshot/'),('longbowman','http://mwomercs.com/forums/user/2310-checker/'),('shadowwolf jerricho','http://mwomercs.com/forums/user/1894-shadowwolf-jerricho/'),('shadowwolf jerricho','http://mwomercs.com/forums/user/57208-jollyroger/'),('shadowwolf jerricho','http://mwomercs.com/forums/user/62741-slar/page__tab__status'),('shadowwolf jerricho','http://mwomercs.com/forums/user/418954-ghost-badger/'),('shadowwolf jerricho','http://mwomercs.com/forums/user/9826-taddeusz/'),('shadowwolf jerricho','http://mwomercs.com/forums/user/431103-crocus/'),('shadowwolf jerricho','http://mwomercs.com/forums/user/6368-heerowolf-nash/'),('shadowwolf jerricho','http://mwomercs.com/forums/user/252200-inglix/');
/*!40000 ALTER TABLE `roster` ENABLE KEYS */;
UNLOCK TABLES;

--
-- Table structure for table `user`
--

DROP TABLE IF EXISTS `user`;
/*!40101 SET @saved_cs_client     = @@character_set_client */;
/*!40101 SET character_set_client = utf8 */;
CREATE TABLE `user` (
  `username` varchar(25) NOT NULL,
  `password` varchar(500) DEFAULT NULL,
  `cbills` int(20) DEFAULT NULL,
  `admin` tinyint(1) NOT NULL DEFAULT '0',
  `wins` int(11) NOT NULL DEFAULT '0',
  `loses` int(11) NOT NULL DEFAULT '0',
  `unit_type` varchar(20) NOT NULL DEFAULT 'merc',
  `unit_name` varchar(50) NOT NULL,
  `is_dead` tinyint(1) NOT NULL DEFAULT '0',
  `approved` tinyint(1) NOT NULL DEFAULT '0',
  `kills` int(11) NOT NULL DEFAULT '0',
  `last_login` timestamp NULL DEFAULT '0000-00-00 00:00:00',
  `last_cbill_gift` timestamp NOT NULL DEFAULT '0000-00-00 00:00:00',
  `bio` varchar(10000) DEFAULT NULL,
  `email` varchar(200) DEFAULT NULL,
  PRIMARY KEY (`username`)
) ENGINE=InnoDB DEFAULT CHARSET=latin1;
/*!40101 SET character_set_client = @saved_cs_client */;

--
-- Dumping data for table `user`
--

LOCK TABLES `user` WRITE;
/*!40000 ALTER TABLE `user` DISABLE KEYS */;
INSERT INTO `user` VALUES ('3rdworld','073cdf44e4a62f9158f448aec45b2db2',144066526,0,13,0,'faction','Swords of Kentares',0,1,0,'2013-11-28 06:48:16','2013-11-27 19:04:54','','3rdworlds@gmail.com'),('antares','c849840b980ddb21fcf4ce0c257ce931',7871803,0,2,1,'clan','Antares Scorpions',0,1,12,'2013-11-27 15:39:31','2013-11-27 15:39:31','Antares Scorpions Teamspeak: <a href=\"#\">antares-scorpions.typefrag.com</a><br><br>Contacts:<br><a href=\"http://mwomercs.com/forums/user/445093-pisceszero/\">Piceszero</a><br><a href=\"http://mwomercs.com/forums/user/362335-avatarofwhat/\">AvatarOfWhat</a><br><br><img src=\"http://antaresscorpions.co.uk/wp-content/uploads/2012/09/dredd.jpg\" />','multitallented@gmail.com'),('aylward','831b62fe88bbb10333c4b5dcd47119fd',211644840,0,2,4,'faction','1st HeadHunters of Davion RCT',0,1,0,'2013-11-28 07:28:35','2013-11-28 04:43:14','<img src=\"http://files.enjin.com/249013/site_logo/avatar.png\" /><br><br><b>Contact Gen. Aylward for info or scheduling (aylward@hhod.com) </b><br><br>Find us on the House Davion general TS server:  50.22.145.232:7345<br><i>under the section \"1st Headhunters of Davion RCT\"</i><br><br>Our Website:  <a href=\"http://mwo.enjin.com\">www.hhod.com</a>','aylward@hhod.com'),('blackstoneknights','6da495ccce6077d4ef935fbb4e3f548f',30841998,0,2,0,'merc','Blackstone Knights',0,1,0,'2013-11-27 05:00:50','2013-11-27 05:00:50','We accept the following contracts:<br>http://www.blackstoneknights.org/contracts/','bskcommand@gmail.com'),('blackwindlancers','c9297f7510fed1ee3572e38dbd817ea5',57373128,0,4,0,'faction','Black Wind Lancers',0,1,0,'2013-11-28 07:47:05','2013-11-28 03:28:56','','2ndlegion@228ibr.com'),('bongfu','482e91f2f2c88178631c42c5ddb417b7',697445298,0,0,2,'clan','Clan Diamond Shark',0,1,0,'2013-11-11 06:16:59','2013-11-11 03:57:21','','bongfu@gmail.com'),('canuck307','7e7316c9c362f3ae26e84bf9194473d2',35984613,0,0,2,'merc','Luna Wolves',0,1,0,'2013-11-20 02:19:36','2013-11-20 02:19:36','Contacts:<br><br>Zaharial: Lt. (Drop commander)<br><br>http://mwomercs.com/forums/user/145538-zahariel/<br><br>http://lunawolves.enjin.com/profile/6035380<br><br>Canuck: Major<br><br>http://mwomercs.com/forums/user/249645-canuck307/<br><br>http://lunawolves.enjin.com/profile/3133032<br><br><br>',''),('cef command','22588bf8d5eaff86f0eda0287677c9e2',45020724,0,1,3,'pirate','Canadian Expeditionary Force',0,1,0,'2013-11-28 15:57:36','2013-11-28 12:19:54','CEF TeamSpeak contact;<br><br>ts.cefmwo.com<br><br>PW: Guest','command.cefmwo@gmail.com'),('crazyhorse','d428d6d72f8cdfd888c64eb915f101dc',144987189,0,3,1,'merc','Red Shadows',0,1,0,'2013-11-28 15:08:31','2013-11-28 06:44:04','<img src=\"http://imageshack.us/a/img33/7926/g2ne.png\" /><br><br>In the day to day depravity of war there are many situations that need to be <br>handled as quickly as possible: Insurgences, merchandise shortages, <br>battlefield turntables... we know the trouble war can be for any experienced <br>commander when your roster is better with the beer and the darts than with <br>war tactics.<br><br>The Red Shadows Merc Unit offers solutions for almost all and every problem <br>you may find at work. You name it, we make it. Either a surgical operation to <br>control a single block, or a full door blast to make a garrison think about it <br>twice before keeping a position, we can do the job. <br><br>Have your forces spread out a bit too much across your battlefront? <br>No worries. We\'ll maintain the things in place until you arrive with a flag and <br>take control of the situation. Everything at a reasonable price, of course.<br>Don\'t hesitate to contact us for your military needs. <br><br>Red Shadows Merc. Unit: We are big, we are ugly, and we are affordable.<br><br><br>',''),('dankith','92363d749a16dc9ffd596c26e708d3fd',293028195,0,1,2,'faction','Carrion Crows',0,1,0,'2013-11-28 03:32:16','2013-11-28 03:32:16','','kosim.artur@gmail.com'),('deadfire','6da8da7f1a0b5a9972a736afe51424f7',281354637,0,9,0,'pirate','228th Independent Battlemech Regiment',0,1,0,'2013-11-28 05:20:23','2013-11-27 20:59:15','<img src=\"http://www.deadfiredesigns.com/228ibr/logom.png\"/><br><br>http://www.228ibr.com<br><br>teamspeak: ts52.gameservers.com:9315<br>pw: metagame','admin@228ibr.com'),('djo_maverick','26bece1511e24353a670ffa4253040d2',438351829,0,1,0,'faction','Golden Foxes',0,1,0,'2013-11-27 23:49:54','2013-11-27 01:56:38','','TFA_Maverick@hotmail.com'),('gman129','f2725873768f8ac7e9126ff09d3e7e91',80146491,0,2,3,'merc','cReddit Cerberus',0,1,0,'2013-11-27 01:03:27','2013-11-27 00:14:05','','gman129mwo@gmail.com'),('hrunting','0001d2e4212990e166c573d488dd8482',124216567,0,1,4,'faction','10th Skye Rangers',0,1,0,'2013-11-28 08:46:45','2013-11-27 22:16:00','','hruntinggamer@gmail.com'),('khavi vetali','c978ec94a3b39483dcb6eb1d05a00077',54087140,0,2,3,'merc','Night Watch',0,1,0,'2013-11-28 15:19:00','2013-11-28 05:35:10','For Diplomacy and Contracting contact:<br><br><a href=\"http://mwomercs.com/forums/user/156422-khavi-vetali/\">Khavi Vetali</a><br><a href=\"http://mwomercs.com/forums/user/59327-grrzoot/\">Grrzoot</a><br><br><img src=\"http://i738.photobucket.com/albums/xx23/khavi01/Services-Adx2-820-black_zpscba6581e.png\" border=\"0\" alt=\" photo Services-Adx2-820-black_zpscba6581e.png\"/><br>','gvettel@gmail.com'),('krazypoloc','a14f05900148cc0748b64ac2f7f31b07',236312538,0,0,11,'faction','25th Marik Militia',0,1,0,'2013-11-27 19:28:09','2013-11-27 18:13:28','<img src=\"http://cdn.25mm.net/community/styles/25mm/ts-logo.png\" /><br><a href=\"http://www.25mm.net/community/\">25MM</a><br><br>Come to our Teamspeak3 server to contact us:<br>ts3.25mm.net:10018<br>25ordie<br><br>Contact <a href=\"http://mwomercs.com/forums/user/52551-lex420/\">Lex420</a>, <a href=\"http://mwomercs.com/forums/user/300713-baronofbeandip/\">BaronofBeanDip</a> or <a href=\"http://mwomercs.com/forums/user/286861-luckjaw/\">Luckjaw</a> for mercenary contracts or diplomacy.<br><br><br>We are the Elite Marik fighting force. Fear the EAGLE!!!!<br><br>','nexon420@gmail.com'),('kwea','88566ff2a94498968ac708374fe41297',4151943,0,0,1,'merc','4th Highland Guard',0,1,0,'2013-11-28 09:32:29','2013-11-28 09:32:29','','brilljr@hotmail.com'),('longbowman','250ec636954ff89bf82f0f597ec81795',1058750000,0,0,0,'faction','1FSAC',0,1,0,'2013-11-27 14:56:08','2013-11-27 14:56:08','','nathor2112@msn.com'),('m4rti','b2b32a068b91f3672061e4a4d1b34899',39778451,0,0,0,'merc','25th Skye Rangers',0,1,0,'2013-11-28 07:48:54','2013-11-28 07:48:54','','a.marterer@live.de'),('mech79','c977c0cb1b0a8cc1e069235a504dd892',12459500,0,0,1,'merc','Crimson Death Commandos',0,1,0,'2013-11-28 04:54:29','2013-11-27 05:05:53','','rylandb79@yahoo.com'),('multitallented','d1678b77a1e66888d5e6d01c388afb63',1298698027,1,0,0,'admin','ComStar',0,1,0,'2013-11-28 16:05:41','2013-11-28 04:53:56','I am the admin of this league and I am also a member of KaoS Legion. I have years of experience with being an admin in an exploit/bug rich environment.<br><br>I am a very relaxed, patient guy and I run the league in the same way. I try to fix things as quickly as possible and be as helpful as I can.<br><br>My primary concern is the success of Mechwarrior Online, and I hope that this league helps in that way.','multitallented@pacbell.net'),('ngng','7ed596da521c2586e5a6b4f677946bab',15000000,1,0,0,'admin','NGNG',0,1,0,'2013-10-30 23:09:25','2013-10-30 02:49:09','','bombadil@nogutsnogalaxy.net'),('queenblade','afa6a3ed549bd4ab63ed28da062f6094',135000000,1,0,0,'admin','ComStar',0,1,0,'2013-11-28 00:58:35','2013-11-27 04:08:32',NULL,NULL),('shadowwolf jerricho','e30079d3181e8a0feca7c62dcfce1e8b',150462188,0,0,0,'merc','Kell Hounds',0,1,0,'2013-11-28 04:43:44','2013-11-28 04:43:44','<a href=\"http://kellhounds.net/\">Kell Hounds Site</a><br><br><a href=\"http://kellhounds.net/diplomat-application/\">Diplomat Application Form</a><br><br><img src=\"http://i.imgur.com/voKEQUX.png\" /><br><br>The Kell Hounds have gathered together a group of gamers for the purpose of more than just gaming, but to establish lasting friendships since 2005. A mercenary unit with a conscience, the Kell Hounds have been devoted to the Mechwarrior and Battletech universes playing every variation the games that have come to fruition. We are always looking for mature and fun loving gamers to fill our ranks. In Mechwarrior Online we are playing as the Shadow Hounds until we may prove ourselves to acquire the Kell Hounds title in the game.','shadowwolf_jerricho@hotmail.com'),('talkpolite','c7e6c04d53cd999bd049b75a723ceb7e',129931076,0,1,0,'pirate','Swords of Davion',0,1,0,'2013-11-28 09:56:26','2013-11-27 23:55:15','<a href=\"http://tinypic.com?ref=2qv46ex\" target=\"_blank\"><img src=\"http://i41.tinypic.com/2qv46ex.jpg\" border=\"0\" alt=\"Image and video hosting by TinyPic\"></a><br><br>The Swords of Davion represent members of the 1st Head Hunters of Davions 5th Battalion. Reformed only a few short months ago, The SoD strives for victory in any way possible if they pay is right and the salvage is good. <br><br>MAJ Talk \"Firetide\" Polite<br>CPT Big STRETCH<br><br>LT. LpMagic<br>1st Company \"The Razors Edge\" - Dropship \"The Bearded Lady\"<br><br>LT XFactor76<br>2nd Company \"Kilroys Legion\" - Dropship \"Commando Orgy House\"<br><br>LT Kyle Wright<br>3rd Company \"The Dirty Dozen\" - Dropship \"Babylon 5\"<br><br>Contact us on the general Davion server: 50.22.145.232:7345','lpena2@zagmail.gonzaga.edu'),('vas79','5ddbce6b034c842c7d86a5ac82a5b7d3',136142937,0,5,4,'pirate','Apocalypse Lancers',0,1,0,'2013-11-28 13:01:45','2013-11-28 13:01:45','','b.crowston@hotmail.com'),('will hellfire','2f3ed7b267ac96580d8de6844958d43e',110154798,0,1,0,'merc','Ronin Legion',0,1,0,'2013-11-28 16:04:19','2013-11-27 21:22:37','<img src=\"http://img827.imageshack.us/img827/2617/lc9w.jpg\" />','williamfogg@gmail.com');
/*!40000 ALTER TABLE `user` ENABLE KEYS */;
UNLOCK TABLES;
/*!40103 SET TIME_ZONE=@OLD_TIME_ZONE */;

/*!40101 SET SQL_MODE=@OLD_SQL_MODE */;
/*!40014 SET FOREIGN_KEY_CHECKS=@OLD_FOREIGN_KEY_CHECKS */;
/*!40014 SET UNIQUE_CHECKS=@OLD_UNIQUE_CHECKS */;
/*!40101 SET CHARACTER_SET_CLIENT=@OLD_CHARACTER_SET_CLIENT */;
/*!40101 SET CHARACTER_SET_RESULTS=@OLD_CHARACTER_SET_RESULTS */;
/*!40101 SET COLLATION_CONNECTION=@OLD_COLLATION_CONNECTION */;
/*!40111 SET SQL_NOTES=@OLD_SQL_NOTES */;

-- Dump completed on 2013-11-28 10:17:39
