-- MySQL dump 10.13  Distrib 5.5.23, for debian-linux-gnu (x86_64)
--
-- Host: localhost    Database: cw
-- ------------------------------------------------------
-- Server version	5.5.23-2

/*!40101 SET @OLD_CHARACTER_SET_CLIENT=@@CHARACTER_SET_CLIENT */;
/*!40101 SET @OLD_CHARACTER_SET_RESULTS=@@CHARACTER_SET_RESULTS */;
/*!40101 SET @OLD_COLLATION_CONNECTION=@@COLLATION_CONNECTION */;
/*!40101 SET NAMES utf8 */;
/*!40103 SET @OLD_TIME_ZONE=@@TIME_ZONE */;
/*!40103 SET TIME_ZONE='+00:00' */;
/*!40014 SET @OLD_UNIQUE_CHECKS=@@UNIQUE_CHECKS, UNIQUE_CHECKS=0 */;
/*!40014 SET @OLD_FOREIGN_KEY_CHECKS=@@FOREIGN_KEY_CHECKS, FOREIGN_KEY_CHECKS=0 */;
/*!40101 SET @OLD_SQL_MODE=@@SQL_MODE, SQL_MODE='NO_AUTO_VALUE_ON_ZERO' */;
/*!40111 SET @OLD_SQL_NOTES=@@SQL_NOTES, SQL_NOTES=0 */;

--
-- Table structure for table `alliance`
--

DROP TABLE IF EXISTS `alliance`;
/*!40101 SET @saved_cs_client     = @@character_set_client */;
/*!40101 SET character_set_client = utf8 */;
CREATE TABLE `alliance` (
  `sender` varchar(25) DEFAULT NULL,
  `ally` varchar(25) DEFAULT NULL
) ENGINE=InnoDB DEFAULT CHARSET=latin1;
/*!40101 SET character_set_client = @saved_cs_client */;

--
-- Dumping data for table `alliance`
--

LOCK TABLES `alliance` WRITE;
/*!40000 ALTER TABLE `alliance` DISABLE KEYS */;
INSERT INTO `alliance` VALUES ('cef command','jagdcrab'),('cef command','blackfire'),('cef command','multitallented'),('doktor totenkopf','mista_whizzard'),('doktor totenkopf','dhbna'),('mista_whizzard','doktor totenkopf'),('mista_whizzard','dhbna'),('mista_whizzard','wm command'),('mista_whizzard','samson'),('wm command','mista_whizzard'),('samson','mista_whizzard'),('samson','hrunting'),('vas79','themagician'),('themagician','vas79'),('hrunting','samson'),('hrunting','blackfire'),('cef command','samson'),('jerous','cef command'),('cef command','jerous'),('mista_whizzard','hrunting'),('iridin','themagician'),('themagician','iridin'),('mista_whizzard','blackfire'),('mista_whizzard','jagdcrab'),('doktor totenkopf','samson'),('doktor totenkopf','hrunting'),('doktor totenkopf','wm command'),('cef command','doktor totenkopf'),('doktor totenkopf','jagdcrab'),('iridin','vas79'),('vas79','iridin'),('greatzen','themagician'),('blackfire','hrunting'),('greatzen','iridin'),('iridin','greatzen'),('wm command','dhbna'),('cef command','mufasa'),('themagician','greatzen'),('wm command','doktor totenkopf'),('mufasa','cef command'),('greatzen','vas79'),('samson','doktor totenkopf'),('mista_whizzard','cef command'),('iridin','mausgmr'),('mausgmr','iridin'),('mech79','c0vvb3ll'),('c0vvb3ll','mech79'),('mech79','multitallented'),('themagician','cef command'),('cef command','themagician'),('murzao','hrunting'),('murzao','samson'),('samson','murzao'),('cef command','mech79'),('cef command','iridin'),('antares','khavi vetali'),('crazyhorse','3rdworld'),('khavi vetali','antares'),('3rdworld','crazyhorse'),('khavi vetali','dankith'),('dankith','khavi vetali'),('dankith','vas79'),('vas79','dankith'),('mech79','dankith'),('dankith','mech79'),('crazyhorse','dankith'),('dankith','crazyhorse'),('3rdworld','gman129'),('gman129','3rdworld'),('greyghosts','deadfire'),('hrunting','gman129'),('m4rti','hrunting'),('gman129','hrunting'),('hrunting','m4rti'),('3rdworld','blackstoneknights'),('blackstoneknights','3rdworld'),('3rdworld','aylward'),('aylward','3rdworld'),('aylward','blackstoneknights'),('blackstoneknights','aylward'),('3rdworld','blackwindlancers'),('3rdworld','deadfire'),('3rdworld','canuck307');
/*!40000 ALTER TABLE `alliance` ENABLE KEYS */;
UNLOCK TABLES;

--
-- Table structure for table `dropship`
--

DROP TABLE IF EXISTS `dropship`;
/*!40101 SET @saved_cs_client     = @@character_set_client */;
/*!40101 SET character_set_client = utf8 */;
CREATE TABLE `dropship` (
  `dropship_id` int(11) NOT NULL AUTO_INCREMENT,
  `owner` varchar(25) NOT NULL,
  `planet_name` varchar(50) DEFAULT NULL,
  `capacity` int(11) DEFAULT NULL,
  `last_move` timestamp NULL DEFAULT NULL,
  PRIMARY KEY (`dropship_id`)
) ENGINE=InnoDB AUTO_INCREMENT=169 DEFAULT CHARSET=latin1;
/*!40101 SET character_set_client = @saved_cs_client */;

--
-- Dumping data for table `dropship`
--

LOCK TABLES `dropship` WRITE;
/*!40000 ALTER TABLE `dropship` DISABLE KEYS */;
INSERT INTO `dropship` VALUES (131,'dankith','hainfield',28,'2013-11-04 20:28:35'),(132,'krazypoloc','outreach',28,'2013-11-06 06:25:25'),(133,'3rdworld','summer',28,'2013-10-30 16:57:42'),(134,'antares','antares',52,'2013-11-01 15:12:32'),(135,'cef command','marlowes rift',16,'2013-10-31 02:06:56'),(136,'cef command','hoff',16,'2013-11-06 02:57:00'),(137,'cef command','marlowes rift',16,'2013-11-06 02:29:04'),(138,'crazyhorse','peacock',28,'2013-11-06 18:08:04'),(139,'crazyhorse','clovis',28,'2013-11-06 18:14:48'),(140,'mech79','tukayyid',16,'2013-11-06 07:11:52'),(141,'mech79','tukayyid',28,'2013-11-06 07:09:55'),(142,'vas79','ardoz',16,'2013-11-06 04:28:42'),(143,'vas79','port moseby',16,'2013-10-28 02:57:59'),(144,'vas79','radstadt',16,'2013-10-25 06:10:49'),(145,'deadfire','chaffee',16,'2013-11-05 05:48:16'),(146,'deadfire','trent',16,'2013-10-28 07:32:45'),(147,'deadfire','trent',16,'2013-11-01 22:43:51'),(148,'greyghosts','hyde',28,'2013-11-06 02:32:42'),(149,'greyghosts','chaffee',28,'2013-11-06 02:34:03'),(150,'canuck307','antares',28,'2013-11-03 00:03:50'),(151,'canuck307','antares',28,'2013-10-31 15:25:08'),(152,'khavi vetali','kempten',28,'2013-11-06 04:11:31'),(153,'khavi vetali','kempten',28,'2013-11-06 04:18:44'),(154,'dankith','crimond',16,'2013-10-27 08:51:05'),(155,'hrunting','upano',28,'2013-11-06 05:10:47'),(156,'antares','vantaa',28,'2013-11-04 13:53:40'),(157,'gman129','terra',28,'2013-11-04 19:56:53'),(158,'gman129','carstairs',28,'2013-11-01 19:48:39'),(159,'3rdworld','remulac',16,'2013-11-03 16:38:47'),(160,'antares','elissa',16,'2013-11-02 15:15:10'),(161,'m4rti','kanowit',28,'0000-00-00 00:00:00'),(162,'m4rti','kanowit',28,'0000-00-00 00:00:00'),(163,'blackstoneknights','second try',28,'2013-11-06 16:33:24'),(164,'blackstoneknights','gan singh',28,'0000-00-00 00:00:00'),(165,'aylward','minnacora',28,'2013-11-05 06:11:48'),(166,'aylward','bell',28,'2013-11-06 14:49:56'),(167,'hrunting','dukambia',16,'2013-11-03 08:35:44'),(168,'blackwindlancers','bethel',28,'2013-11-06 07:13:42');
/*!40000 ALTER TABLE `dropship` ENABLE KEYS */;
UNLOCK TABLES;

--
-- Table structure for table `market`
--

DROP TABLE IF EXISTS `market`;
/*!40101 SET @saved_cs_client     = @@character_set_client */;
/*!40101 SET character_set_client = utf8 */;
CREATE TABLE `market` (
  `mech` varchar(10) NOT NULL,
  `base_price` int(11) NOT NULL,
  `volatility` decimal(11,2) DEFAULT NULL,
  `buy` int(11) NOT NULL,
  `tons` int(4) NOT NULL,
  `gold` tinyint(1) DEFAULT '0'
) ENGINE=InnoDB DEFAULT CHARSET=latin1;
/*!40101 SET character_set_client = @saved_cs_client */;

--
-- Dumping data for table `market`
--

LOCK TABLES `market` WRITE;
/*!40000 ALTER TABLE `market` DISABLE KEYS */;
INSERT INTO `market` VALUES ('COM-1D',872263,1.40,1,25,0),('COM-1B',859392,1.25,3,25,0),('COM-3A',909476,1.55,0,25,0),('COM-DK',1499846,0.85,3,25,1),('COM-2D',1781542,0.70,8,25,0),('SDR-5V',1299270,1.70,0,30,0),('SDR-5K',2052540,1.50,0,30,0),('SDR-5D',2533540,0.95,20,30,0),('JR7-D',3784548,1.25,29,35,0),('JR7-F',3393066,1.35,65,35,0),('JR7-K',2863927,1.25,16,35,0),('RVN-2X',2389573,1.50,3,35,0),('RVN-4X',2520666,1.25,4,35,0),('RVN-3L',4862992,0.75,17,35,0),('CDA-2A',3194944,0.95,8,40,0),('CDA-2B',3182436,1.00,5,40,0),('CDA-3C',2885739,1.60,3,40,0),('CDA-3M',6097444,0.65,9,40,0),('CDA-X5',3174923,1.30,6,40,1),('BJ-1',3385436,1.10,16,45,0),('BJ-1DC',2347828,1.20,7,45,0),('BJ-1X',3144528,0.85,5,45,0),('BJ-3',4000461,1.55,1,45,0),('CN9-A',4197080,1.45,26,50,0),('CN9-AL',3552238,1.25,14,50,0),('CN9-D',6158590,0.60,5,50,0),('CN9-YLW',4829827,0.60,16,50,1),('HBK-4G',3694490,1.15,7,50,0),('HBK-4H',3646484,1.10,7,50,0),('HBK-4J',3778604,1.20,2,50,0),('HBK-4P',3594484,0.95,25,50,0),('HBK-4SP',3632484,1.05,23,50,0),('TBT-3C',4503816,1.20,0,50,0),('TBT-5J',4186745,1.05,4,50,0),('TBT-5N',4186745,1.30,0,50,0),('TBT-7K',3867177,1.35,4,50,0),('TBT-7M',5623797,0.85,2,50,0),('KTO-18',4474807,0.75,12,55,0),('KTO-19',4589395,1.10,9,55,0),('KTO-20',4697395,1.10,3,55,0),('KTO-BOY',4402988,1.20,4,55,1),('DGN-1C',4745200,1.35,2,60,0),('DGN-1N',4827559,1.75,0,60,0),('DGN-5N',5097559,1.35,2,60,0),('DGN-FA',5082843,1.40,0,60,0),('DGN-FL',5502987,1.35,0,60,0),('QKD-4G',5377467,1.35,1,60,0),('QKD-4H',5337467,0.80,6,60,0),('QKD-5K',5578867,1.00,5,60,0),('CPLT-A1',5564279,0.80,5,65,0),('CPLT-C1',5804127,1.30,4,65,0),('CPLT-C4',5869247,1.30,0,65,0),('CPLT-K2',5304023,0.75,20,65,0),('JM6-A',5473070,0.75,6,65,0),('JM6-DD',7513253,1.00,5,65,0),('JM6-FB',6828398,1.10,0,65,1),('JM6-S',5201918,0.60,8,65,0),('CTF-1X',5950963,1.20,2,70,0),('CTF-2X',5755995,1.30,2,70,0),('CTF-3D',9881953,1.00,40,70,0),('CTF-4X',5229289,0.60,6,70,0),('CTF-IM',6382984,0.55,7,70,1),('ON1-PR',7349298,0.95,3,75,1),('ON1-K',6510685,1.15,3,75,0),('ON1-M',7715293,1.65,0,75,0),('ON1-V',6628263,1.30,2,75,0),('ON1-VA',6247565,1.45,1,75,0),('AWS-8Q',6764270,1.65,0,80,0),('AWS-8R',6524390,1.30,0,80,0),('AWS-8T',6704390,1.55,0,80,0),('AWS-8V',6574390,1.60,0,80,0),('AWS-9M',8534582,1.70,0,80,0),('AWS-PB',8529038,1.70,0,80,1),('VTR-9B',7410423,1.30,15,80,0),('VTR-9K',7710430,1.15,3,80,0),('VTR-9S',7440407,1.25,15,80,0),('VTR-DS',7918378,0.80,6,80,1),('STK-3F',7618480,0.85,12,85,0),('STK-3H',7818480,1.50,1,85,0),('STK-4N',7412420,1.45,0,85,0),('STK-5M',8064616,1.05,4,85,0),('STK-5S',8921480,1.25,1,85,0),('STK-M',9281997,0.55,7,85,1),('HGN-732',9032840,0.85,12,90,0),('HGN-733P',8520422,1.60,2,90,0),('HGN-733',8504422,0.85,6,90,0),('HGN-733C',9155368,1.35,47,90,0),('HGN-HM',8621039,1.05,13,90,1),('AS7-BH',10495728,1.10,3,100,1),('AS7-D',9676072,1.35,16,100,0),('AS7-D-DC',10986012,1.30,33,100,0),('AS7-K',11691066,1.65,0,100,0),('AS7-RS',9358066,0.75,11,100,0),('LCT-1V',1388242,1.60,0,20,0),('LCT-3M',2277326,1.00,7,20,0),('LCT-3S',1589282,1.70,0,20,0),('SHD-2D2',4729388,0.80,32,55,1),('SHD-2H',4549382,0.95,22,55,1),('SHD-5M',4662939,0.95,19,55,1),('TDR-5S',5583922,0.95,8,65,1),('TDR-5SS',5553829,1.10,7,65,1),('TDR-9SE',5293947,1.25,5,65,1),('BLR-1D',7738298,1.05,6,85,1),('BLR-1G',7928378,1.20,13,85,1),('BLR-1S',7892324,1.15,3,85,1),('CPLT-J',5749376,1.00,0,65,1);
/*!40000 ALTER TABLE `market` ENABLE KEYS */;
UNLOCK TABLES;

--
-- Table structure for table `match`
--

DROP TABLE IF EXISTS `match`;
/*!40101 SET @saved_cs_client     = @@character_set_client */;
/*!40101 SET character_set_client = utf8 */;
CREATE TABLE `match` (
  `match_id` int(11) NOT NULL AUTO_INCREMENT,
  `attacker` varchar(25) NOT NULL,
  `defender` varchar(25) NOT NULL,
  `planet_name` varchar(50) DEFAULT NULL,
  `declared` timestamp NULL DEFAULT NULL,
  `responded` timestamp NULL DEFAULT NULL,
  `reported` timestamp NULL DEFAULT NULL,
  `report_response` timestamp NULL DEFAULT NULL,
  `resolved` timestamp NULL DEFAULT NULL,
  `winner` varchar(25) DEFAULT NULL,
  `last_action` timestamp NOT NULL DEFAULT CURRENT_TIMESTAMP,
  `mercenary` varchar(25) DEFAULT NULL,
  `mercenary_qty` int(11) DEFAULT '0',
  `mercenary_rply` int(1) DEFAULT '0',
  `mercenary_time` timestamp NULL DEFAULT NULL,
  `defender_mercenary_rply` int(1) DEFAULT NULL,
  `defender_mercenary_qty` int(11) DEFAULT NULL,
  `defender_mercenary_time` timestamp NULL DEFAULT NULL,
  `defender_mercenary` varchar(25) DEFAULT NULL,
  `attacker_url` varchar(1000) DEFAULT NULL,
  `defender_url` varchar(1000) DEFAULT NULL,
  `attacker_lost_mechs` varchar(250) DEFAULT NULL,
  `defender_lost_mechs` varchar(250) DEFAULT NULL,
  `amerc_lost_mechs` varchar(200) DEFAULT NULL,
  `dmerc_lost_mechs` varchar(200) DEFAULT NULL,
  `aftermath_report` varchar(4000) DEFAULT NULL,
  `extension` int(1) NOT NULL DEFAULT '0',
  PRIMARY KEY (`match_id`)
) ENGINE=InnoDB AUTO_INCREMENT=741 DEFAULT CHARSET=latin1;
/*!40101 SET character_set_client = @saved_cs_client */;

--
-- Dumping data for table `match`
--

LOCK TABLES `match` WRITE;
/*!40000 ALTER TABLE `match` DISABLE KEYS */;
INSERT INTO `match` VALUES (706,'deadfire','mech79','carstairs','2013-10-22 06:57:42','2013-10-26 07:11:39','2013-10-26 07:11:39','2013-10-27 07:13:47','2013-10-27 07:13:47','deadfire','2013-10-27 07:13:47',NULL,0,0,NULL,NULL,NULL,NULL,NULL,NULL,NULL,NULL,NULL,NULL,NULL,'<span class=\"green\">deadfire stole 21,417,224cbills during base capture</span><br><span class=\"green\">deadfire gained 21,417,224cbills in earnings and salvaged parts/data/supplies/etc.</span><br><span class=\"green\">mech79 gained -15,476,335cbills in earnings and salvaged parts/data/supplies/etc.</span><br>',0),(707,'antares','canuck307','antares','2013-10-22 15:06:35','2013-10-22 23:41:56','2013-10-26 23:01:02','2013-10-26 23:03:51','2013-10-26 23:03:51','antares','2013-10-26 23:03:51',NULL,0,0,NULL,NULL,NULL,NULL,NULL,'http://i25.photobucket.com/albums/c85/lego-botz/ScreenShot0082.jpg',NULL,'1 VTR-9S, 1 KTO-18, 1 HGN-733C','2 LCT-3M, 6 VTR-9B, 4 VTR-9S',NULL,NULL,'<span class=\"red\">antares lost 1 VTR-9S</span><br><span class=\"red\">antares lost 1 KTO-18</span><br><span class=\"red\">canuck307 lost 1 LCT-3M</span><br><span class=\"green\">antares salvaged LCT-3M</span><br><span class=\"red\">canuck307 lost 1 VTR-9B</span><br><span class=\"green\">antares salvaged VTR-9B</span><br><span class=\"red\">canuck307 lost 1 VTR-9B</span><br><span class=\"green\">antares salvaged VTR-9B</span><br><span class=\"red\">canuck307 lost 1 VTR-9B</span><br><span class=\"green\">antares salvaged VTR-9B</span><br><span class=\"red\">canuck307 lost 1 VTR-9S</span><br><span class=\"green\">antares salvaged VTR-9S</span><br><span class=\"red\">canuck307 lost 1 VTR-9S</span><br><span class=\"green\">antares salvaged VTR-9S</span><br><span class=\"red\">canuck307 lost 1 VTR-9S</span><br><span class=\"green\">antares salvaged VTR-9S</span><br><span class=\"green\">antares earned 12 kills in honorable combat</span><br><span class=\"green\">antares earned 6,090,776cbills for honorable combat</span><br><span class=\"green\">1,723,894cbills was stolen from planet antares</span><br><span class=\"green\">antares gained 56,556,520cbills in earnings and salvaged parts/data/supplies/etc.</span><br><span class=\"green\">canuck307 gained 22,237,461cbills in earnings and salvaged parts/data/supplies/etc.</span><br>',0),(709,'vas79','dankith','ardoz','2013-10-23 00:16:40','2013-10-23 20:20:43','2013-10-24 04:00:37','2013-10-25 06:17:33','2013-10-25 06:17:33','vas79','2013-10-25 06:17:33',NULL,0,0,NULL,NULL,NULL,NULL,NULL,'http://i1334.photobucket.com/albums/w642/bcrowston/ScreenShot0013_zpsce4eef41.jpg',NULL,'2 JR7-F, 2 JR7-K, 1 JR7-D, 1 RVN-3L','1 HGN-732, 1 CPLT-K2',NULL,NULL,'<span class=\"red\">vas79 lost 1 JR7-K</span><br><span class=\"green\">dankith salvaged JR7-K</span><br><span class=\"red\">vas79 lost 1 RVN-3L</span><br><span class=\"red\">dankith lost 1 HGN-732</span><br><span class=\"green\">vas79 salvaged HGN-732</span><br><span class=\"red\">dankith lost 1 CPLT-K2</span><br><span class=\"green\">vas79 salvaged CPLT-K2</span><br><span class=\"green\">vas79 stole 17,441,580cbills during base capture</span><br><span class=\"green\">1,157,937cbills was stolen from planet ardoz</span><br><span class=\"green\">vas79 gained 26,396,736cbills in earnings and salvaged parts/data/supplies/etc.</span><br><span class=\"green\">dankith gained 3,881,434cbills in earnings and salvaged parts/data/supplies/etc.</span><br>',0),(710,'3rdworld','greyghosts','shitara','2013-10-23 13:26:11','2013-10-27 15:00:25','2013-10-27 15:00:25','2013-10-28 16:30:27','2013-10-28 16:30:27','3rdworld','2013-10-28 16:30:27',NULL,0,0,NULL,NULL,NULL,NULL,NULL,NULL,NULL,NULL,NULL,NULL,NULL,'<span class=\"green\">828,945cbills was stolen from planet shitara</span><br><span class=\"green\">3rdworld gained 828,945cbills in earnings and salvaged parts/data/supplies/etc.</span><br><span class=\"green\">greyghosts gained 8,261,919cbills in earnings and salvaged parts/data/supplies/etc.</span><br>',0),(711,'3rdworld','greyghosts','shitara','2013-10-23 13:39:48','2013-10-27 15:01:49','2013-10-27 15:01:49','2013-10-28 16:30:28','2013-10-28 16:30:28','3rdworld','2013-10-28 16:30:28',NULL,0,0,NULL,NULL,NULL,NULL,NULL,NULL,NULL,NULL,NULL,NULL,NULL,'<span class=\"green\">828,945cbills was stolen from planet shitara</span><br><span class=\"green\">3rdworld gained 828,945cbills in earnings and salvaged parts/data/supplies/etc.</span><br><span class=\"green\">greyghosts gained 4,848,249cbills in earnings and salvaged parts/data/supplies/etc.</span><br>',0),(713,'cef command','3rdworld','barstow','2013-10-24 04:17:26','2013-10-26 16:54:26',NULL,NULL,NULL,NULL,'2013-10-24 04:17:26',NULL,0,0,NULL,1,3,'2013-10-31 08:22:19','crazyhorse',NULL,NULL,NULL,NULL,NULL,NULL,NULL,1),(714,'deadfire','hrunting','carstairs','2013-11-01 05:00:00','2013-11-01 16:10:01',NULL,'2013-11-01 18:00:37','2013-11-01 18:00:37','deadfire','2013-11-01 18:00:37',NULL,0,0,NULL,NULL,12,NULL,'gman129',NULL,NULL,NULL,NULL,NULL,NULL,'<span class=\"red\">hrunting lost a CPLT-K2</span><br><span class=\"red\">hrunting lost a COM-2D</span><br><span class=\"red\">hrunting lost a COM-2D</span><br><span class=\"red\">hrunting lost a COM-2D</span><br><span class=\"red\">hrunting lost a KTO-BOY</span><br><span class=\"red\">hrunting lost a KTO-BOY</span><br><span class=\"green\">987,137cbills was stolen from planet carstairs</span><br><span class=\"green\">deadfire gained 1,393,747cbills in earnings and salvaged parts/data/supplies/etc.</span><br><span class=\"green\">hrunting gained -1,393,747cbills in earnings and salvaged parts/data/supplies/etc.</span><br>',0),(715,'deadfire','gman129','vega','2013-10-28 07:39:25','2013-10-30 03:15:08','2013-11-05 03:40:31','2013-11-05 03:48:00','2013-11-05 03:48:00','deadfire','2013-11-05 03:48:00',NULL,0,0,NULL,NULL,NULL,NULL,NULL,'http://i.imgur.com/50kEEN6.jpg',NULL,'1 JR7-K','3 JR7-F, 1 RVN-3L, 8 HBK-4P',NULL,NULL,'<span class=\"red\">deadfire lost 1 JR7-K</span><br><span class=\"red\">gman129 lost 1 JR7-F</span><br><span class=\"green\">deadfire salvaged JR7-F</span><br><span class=\"red\">gman129 lost 1 RVN-3L</span><br><span class=\"green\">deadfire salvaged RVN-3L</span><br><span class=\"red\">gman129 lost 1 HBK-4P</span><br><span class=\"green\">deadfire salvaged HBK-4P</span><br><span class=\"red\">gman129 lost 1 HBK-4P</span><br><span class=\"green\">deadfire salvaged HBK-4P</span><br><span class=\"red\">gman129 lost 1 HBK-4P</span><br><span class=\"green\">deadfire salvaged HBK-4P</span><br><span class=\"red\">gman129 lost 1 HBK-4P</span><br><span class=\"green\">deadfire salvaged HBK-4P</span><br><span class=\"red\">gman129 lost 1 HBK-4P</span><br><span class=\"green\">deadfire salvaged HBK-4P</span><br><span class=\"red\">gman129 lost 1 HBK-4P</span><br><span class=\"green\">deadfire salvaged HBK-4P</span><br><span class=\"green\">979,392cbills was stolen from planet vega</span><br><span class=\"green\">deadfire gained 49,780,690cbills in earnings and salvaged parts/data/supplies/etc.</span><br><span class=\"green\">gman129 gained 10,913,810cbills in earnings and salvaged parts/data/supplies/etc.</span><br>',0),(718,'khavi vetali','vas79','thessalonika','2013-10-30 03:41:10','2013-11-01 00:12:59','2013-11-06 03:26:15','2013-11-06 03:36:23','2013-11-06 03:36:23','khavi vetali','2013-11-06 03:36:23',NULL,0,0,NULL,NULL,NULL,NULL,NULL,'http://imgur.com/0zeGxJX',NULL,'','',NULL,NULL,'<span class=\"green\">1,633,829cbills was stolen from planet thessalonika</span><br><span class=\"green\">khavi vetali gained 12,390,617cbills in earnings and salvaged parts/data/supplies/etc.</span><br><span class=\"green\">vas79 gained -1,633,829cbills in earnings and salvaged parts/data/supplies/etc.</span><br>',0),(719,'3rdworld','krazypoloc','summer','2013-10-30 16:59:05','2013-11-03 02:37:02','2013-11-06 04:38:37','2013-11-06 04:41:31','2013-11-06 04:41:31','3rdworld','2013-11-06 04:41:31',NULL,0,0,NULL,NULL,NULL,NULL,NULL,'http://imgur.com/a/DsTdV',NULL,'1 HGN-733C','2 BJ-1, 1 BJ-1X, 1 BJ-1DC, 2 SHD-2D2, 2 SHD-2H, 1 HGN-733C, 1 HGN-732, 1 HGN-733P, 1 HGN-HM',NULL,NULL,'<span class=\"red\">3rdworld lost 1 HGN-733C</span><br><span class=\"red\">krazypoloc lost 1 BJ-1X</span><br><span class=\"red\">krazypoloc lost 1 SHD-2H</span><br><span class=\"green\">3rdworld salvaged SHD-2H</span><br><span class=\"red\">krazypoloc lost 1 SHD-2H</span><br><span class=\"red\">krazypoloc lost 1 HGN-733C</span><br><span class=\"red\">krazypoloc lost 1 HGN-732</span><br><span class=\"green\">1,622,728cbills was stolen from planet summer</span><br><span class=\"green\">3rdworld gained 51,892,225cbills in earnings and salvaged parts/data/supplies/etc.</span><br><span class=\"green\">krazypoloc gained 7,620,440cbills in earnings and salvaged parts/data/supplies/etc.</span><br>',0),(720,'antares','canuck307','antares','2013-11-01 15:17:37','2013-11-06 01:43:35','2013-11-06 01:43:35','2013-11-06 01:43:35','2013-11-06 01:43:35','antares','2013-11-06 01:43:35',NULL,0,0,NULL,NULL,NULL,NULL,NULL,NULL,NULL,NULL,NULL,NULL,NULL,'<span class=\"red\">canuck307 lost a HGN-733C</span><br><span class=\"red\">canuck307 lost a JM6-S</span><br><span class=\"red\">canuck307 lost a CN9-AL</span><br><span class=\"red\">canuck307 lost a VTR-9S</span><br><span class=\"red\">canuck307 lost a HGN-HM</span><br><span class=\"red\">canuck307 lost a VTR-9B</span><br><span class=\"green\">1,883,894cbills was stolen from planet antares</span><br><span class=\"green\">antares gained 2,411,929cbills in earnings and salvaged parts/data/supplies/etc.</span><br><span class=\"green\">canuck307 gained 4,852,257cbills in earnings and salvaged parts/data/supplies/etc.</span><br>',0),(721,'deadfire','hrunting','carstairs','2013-11-01 18:41:41','2013-11-02 00:33:22',NULL,NULL,NULL,NULL,'2013-11-01 18:41:41',NULL,0,0,NULL,1,12,'2013-11-02 01:06:44','gman129',NULL,NULL,NULL,NULL,NULL,NULL,NULL,0),(722,'vas79','antares','basiliano','2013-11-01 21:24:44','2013-11-06 01:52:38','2013-11-06 01:52:38','2013-11-06 01:52:38','2013-11-06 01:52:38','vas79','2013-11-06 01:52:38',NULL,0,0,NULL,NULL,NULL,NULL,NULL,NULL,NULL,NULL,NULL,NULL,NULL,'<span class=\"green\">1,335,763cbills was stolen from planet basiliano</span><br><span class=\"green\">vas79 gained 1,741,242cbills in earnings and salvaged parts/data/supplies/etc.</span><br><span class=\"green\">antares gained -1,741,242cbills in earnings and salvaged parts/data/supplies/etc.</span><br>',0),(723,'vas79','hrunting','veckholm','2013-11-01 22:46:11','2013-11-02 09:17:18',NULL,NULL,NULL,NULL,'2013-11-01 22:46:11',NULL,0,0,NULL,NULL,NULL,NULL,NULL,NULL,NULL,NULL,NULL,NULL,NULL,NULL,0),(726,'3rdworld','krazypoloc','summer','2013-11-03 07:43:14','2013-11-06 06:15:57',NULL,NULL,NULL,NULL,'2013-11-03 07:43:14',NULL,0,0,NULL,NULL,NULL,NULL,NULL,NULL,NULL,NULL,NULL,NULL,NULL,NULL,0),(727,'deadfire','hrunting','dukambia','2013-11-03 08:44:41',NULL,NULL,NULL,NULL,NULL,'2013-11-03 08:44:41',NULL,0,0,NULL,NULL,NULL,NULL,NULL,NULL,NULL,NULL,NULL,NULL,NULL,NULL,0),(728,'3rdworld','krazypoloc','remulac','2013-11-03 16:40:02',NULL,NULL,NULL,NULL,NULL,'2013-11-03 16:40:02',NULL,0,0,NULL,NULL,NULL,NULL,NULL,NULL,NULL,NULL,NULL,NULL,NULL,NULL,0),(730,'cef command','crazyhorse','koumi','2013-11-05 00:55:53',NULL,NULL,NULL,NULL,NULL,'2013-11-05 00:55:53',NULL,0,0,NULL,NULL,NULL,NULL,NULL,NULL,NULL,NULL,NULL,NULL,NULL,NULL,0),(731,'aylward','krazypoloc','menkar','2013-11-05 03:25:24',NULL,NULL,NULL,NULL,NULL,'2013-11-05 03:25:24','blackstoneknights',12,0,NULL,NULL,NULL,NULL,NULL,NULL,NULL,NULL,NULL,NULL,NULL,NULL,0),(732,'deadfire','gman129','vega','2013-11-05 05:49:18',NULL,NULL,NULL,NULL,NULL,'2013-11-05 05:49:18',NULL,0,0,NULL,NULL,NULL,NULL,NULL,NULL,NULL,NULL,NULL,NULL,NULL,NULL,0),(733,'aylward','blackwindlancers','minnacora','2013-11-05 06:16:39','2013-11-05 07:35:05',NULL,NULL,NULL,NULL,'2013-11-05 06:16:39',NULL,0,0,NULL,NULL,NULL,NULL,NULL,NULL,NULL,NULL,NULL,NULL,NULL,NULL,0),(734,'blackwindlancers','aylward','bethel','2013-11-06 07:16:00',NULL,NULL,NULL,NULL,NULL,'2013-11-06 07:16:00',NULL,0,0,NULL,NULL,NULL,NULL,NULL,NULL,NULL,NULL,NULL,NULL,NULL,NULL,0),(735,'3rdworld','krazypoloc','genoa','2013-11-06 21:14:18',NULL,NULL,NULL,NULL,NULL,'2013-11-06 21:14:18','blackstoneknights',12,0,NULL,NULL,NULL,NULL,NULL,NULL,NULL,NULL,NULL,NULL,NULL,NULL,0),(736,'3rdworld','krazypoloc','berenson','2013-11-06 21:21:19',NULL,NULL,NULL,NULL,NULL,'2013-11-06 21:21:19','blackstoneknights',12,0,NULL,NULL,NULL,NULL,NULL,NULL,NULL,NULL,NULL,NULL,NULL,NULL,0),(737,'3rdworld','krazypoloc','summer','2013-11-06 21:24:37',NULL,NULL,NULL,NULL,NULL,'2013-11-06 21:24:37',NULL,0,0,NULL,NULL,NULL,NULL,NULL,NULL,NULL,NULL,NULL,NULL,NULL,NULL,0),(739,'3rdworld','krazypoloc','milton','2013-11-06 21:28:44',NULL,NULL,NULL,NULL,NULL,'2013-11-06 21:28:44','gman129',12,0,NULL,NULL,NULL,NULL,NULL,NULL,NULL,NULL,NULL,NULL,NULL,NULL,0),(740,'3rdworld','krazypoloc','phact','2013-11-06 21:29:29',NULL,NULL,NULL,NULL,NULL,'2013-11-06 21:29:29','blackstoneknights',12,0,NULL,NULL,NULL,NULL,NULL,NULL,NULL,NULL,NULL,NULL,NULL,NULL,0);
/*!40000 ALTER TABLE `match` ENABLE KEYS */;
UNLOCK TABLES;

--
-- Table structure for table `match_mech`
--

DROP TABLE IF EXISTS `match_mech`;
/*!40101 SET @saved_cs_client     = @@character_set_client */;
/*!40101 SET character_set_client = utf8 */;
CREATE TABLE `match_mech` (
  `mech` varchar(20) NOT NULL,
  `match_id` int(11) NOT NULL,
  `owner` varchar(25) NOT NULL,
  `quantity` int(11) DEFAULT NULL,
  `dropship_id` int(11) DEFAULT NULL,
  `planet_name` varchar(50) DEFAULT NULL
) ENGINE=InnoDB DEFAULT CHARSET=latin1;
/*!40101 SET character_set_client = @saved_cs_client */;

--
-- Dumping data for table `match_mech`
--

LOCK TABLES `match_mech` WRITE;
/*!40000 ALTER TABLE `match_mech` DISABLE KEYS */;
INSERT INTO `match_mech` VALUES ('HBK-4SP',713,'cef command',5,135,NULL),('HBK-4P',713,'cef command',2,135,NULL),('CPLT-K2',713,'cef command',4,135,NULL),('JR7-D',713,'cef command',1,135,NULL),('JM6-S',713,'3rdworld',1,NULL,'barstow'),('AS7-RS',713,'3rdworld',3,NULL,'barstow'),('AS7-D-DC',713,'3rdworld',1,NULL,'barstow'),('AS7-D',713,'3rdworld',1,NULL,'barstow'),('BLR-1G',713,'3rdworld',3,NULL,'barstow'),('HGN-733C',721,'deadfire',3,147,NULL),('JR7-F',721,'deadfire',3,147,NULL),('ON1-PR',721,'deadfire',3,147,NULL),('SHD-5M',721,'deadfire',3,147,NULL),('HBK-4P',723,'vas79',2,143,NULL),('JR7-D',723,'vas79',2,143,NULL),('TDR-5S',723,'vas79',2,143,NULL),('JR7-F',723,'vas79',2,143,NULL),('JR7-K',723,'vas79',1,143,NULL),('HGN-733C',723,'vas79',1,143,NULL),('HBK-4G',723,'vas79',1,143,NULL),('HGN-732',723,'vas79',1,143,NULL),('AS7-RS',721,'gman129',3,158,NULL),('HBK-4P',721,'gman129',3,158,NULL),('JR7-F',721,'gman129',3,158,NULL),('CPLT-K2',721,'gman129',3,158,NULL),('COM-2D',723,'hrunting',3,NULL,'veckholm'),('CPLT-A1',723,'hrunting',2,NULL,'veckholm'),('KTO-18',723,'hrunting',4,NULL,'veckholm'),('KTO-19',723,'hrunting',3,NULL,'veckholm'),('CN9-A',726,'3rdworld',1,133,NULL),('CTF-3D',726,'3rdworld',3,133,NULL),('JR7-F',726,'3rdworld',3,133,NULL),('HGN-733C',726,'3rdworld',4,133,NULL),('HGN-732',726,'3rdworld',1,133,NULL),('VTR-DS',727,'deadfire',2,146,NULL),('SHD-5M',727,'deadfire',3,146,NULL),('ON1-K',727,'deadfire',3,146,NULL),('SDR-5D',727,'deadfire',2,146,NULL),('JR7-F',727,'deadfire',1,146,NULL),('HGN-733C',727,'deadfire',1,146,NULL),('CTF-3D',728,'3rdworld',3,159,NULL),('HGN-733C',728,'3rdworld',5,159,NULL),('JR7-F',728,'3rdworld',4,159,NULL),('CDA-2B',730,'cef command',1,137,NULL),('HBK-4G',730,'cef command',1,137,NULL),('STK-M',730,'cef command',2,137,NULL),('STK-5M',730,'cef command',1,137,NULL),('STK-3F',730,'cef command',1,137,NULL),('RVN-3L',730,'cef command',2,137,NULL),('HBK-4SP',730,'cef command',3,137,NULL),('CDA-3C',730,'cef command',1,137,NULL),('CPLT-K2',732,'deadfire',2,145,NULL),('JR7-F',732,'deadfire',1,145,NULL),('JR7-K',732,'deadfire',3,145,NULL),('SDR-5D',732,'deadfire',2,145,NULL),('SHD-2H',732,'deadfire',2,145,NULL),('SHD-5M',732,'deadfire',2,145,NULL),('CPLT-C1',733,'aylward',1,165,NULL),('CPLT-K2',733,'aylward',2,165,NULL),('HGN-733C',733,'aylward',1,165,NULL),('HGN-HM',733,'aylward',1,165,NULL),('JR7-D',733,'aylward',1,165,NULL),('KTO-20',733,'aylward',1,165,NULL),('KTO-BOY',733,'aylward',1,165,NULL),('STK-3F',733,'aylward',1,165,NULL),('STK-5M',733,'aylward',1,165,NULL),('STK-M',733,'aylward',1,165,NULL),('TBT-7K',733,'aylward',1,165,NULL),('BLR-1D',733,'blackwindlancers',3,NULL,'minnacora'),('CDA-X5',733,'blackwindlancers',3,NULL,'minnacora'),('CN9-YLW',733,'blackwindlancers',1,NULL,'minnacora'),('SHD-2H',733,'blackwindlancers',2,NULL,'minnacora'),('HGN-HM',733,'blackwindlancers',2,NULL,'minnacora'),('RVN-4X',733,'blackwindlancers',1,NULL,'minnacora'),('BJ-1',726,'krazypoloc',4,NULL,'summer'),('SHD-2H',726,'krazypoloc',2,NULL,'summer'),('SHD-2D2',726,'krazypoloc',4,NULL,'summer'),('BJ-1X',726,'krazypoloc',2,NULL,'summer'),('RVN-4X',734,'blackwindlancers',1,168,NULL),('HGN-733',734,'blackwindlancers',1,168,NULL),('BLR-1D',734,'blackwindlancers',1,168,NULL),('AS7-BH',734,'blackwindlancers',2,168,NULL),('CDA-X5',734,'blackwindlancers',3,168,NULL),('CTF-4X',734,'blackwindlancers',1,168,NULL),('CTF-3D',734,'blackwindlancers',2,168,NULL),('HBK-4H',734,'blackwindlancers',1,168,NULL),('CN9-A',737,'3rdworld',2,133,NULL),('HGN-732',737,'3rdworld',2,133,NULL),('CTF-3D',737,'3rdworld',2,133,NULL),('JR7-F',737,'3rdworld',3,133,NULL),('HGN-733C',737,'3rdworld',2,133,NULL),('SHD-2H',737,'3rdworld',1,133,NULL);
/*!40000 ALTER TABLE `match_mech` ENABLE KEYS */;
UNLOCK TABLES;

--
-- Table structure for table `mech`
--

DROP TABLE IF EXISTS `mech`;
/*!40101 SET @saved_cs_client     = @@character_set_client */;
/*!40101 SET character_set_client = utf8 */;
CREATE TABLE `mech` (
  `mech` varchar(20) NOT NULL,
  `username` varchar(25) NOT NULL,
  `quantity` int(11) NOT NULL,
  `dropship_id` int(11) DEFAULT NULL,
  `planet_name` varchar(50) DEFAULT NULL
) ENGINE=InnoDB DEFAULT CHARSET=latin1;
/*!40101 SET character_set_client = @saved_cs_client */;

--
-- Dumping data for table `mech`
--

LOCK TABLES `mech` WRITE;
/*!40000 ALTER TABLE `mech` DISABLE KEYS */;
INSERT INTO `mech` VALUES ('BJ-1','antares',2,134,NULL),('SHD-2D2','antares',2,134,NULL),('QKD-4H','antares',2,134,NULL),('CTF-3D','antares',3,134,NULL),('CDA-3M','antares',1,134,NULL),('TDR-5S','vas79',2,144,NULL),('HGN-733C','vas79',1,144,NULL),('HBK-4P','crazyhorse',2,139,NULL),('HGN-733','crazyhorse',2,139,NULL),('HBK-4SP','crazyhorse',2,139,NULL),('HGN-733C','crazyhorse',2,139,NULL),('CN9-A','crazyhorse',2,138,NULL),('CN9-AL','crazyhorse',2,138,NULL),('VTR-9B','canuck307',3,NULL,'montmarault'),('VTR-9S','canuck307',6,NULL,'montmarault'),('CN9-A','3rdworld',1,133,NULL),('TDR-5SS','3rdworld',1,NULL,'mira'),('HBK-4P','3rdworld',1,NULL,'mira'),('HGN-732','dankith',3,131,NULL),('HGN-733C','dankith',3,131,NULL),('CPLT-K2','dankith',3,131,NULL),('AS7-D-DC','crazyhorse',2,139,NULL),('CPLT-C1','crazyhorse',1,139,NULL),('CPLT-K2','crazyhorse',1,139,NULL),('SHD-2D2','crazyhorse',2,138,NULL),('SHD-2H','crazyhorse',2,138,NULL),('CTF-IM','3rdworld',2,NULL,'biham'),('CN9-AL','antares',1,NULL,'vantaa'),('CTF-4X','antares',1,NULL,'vantaa'),('COM-1B','antares',1,NULL,'vantaa'),('AS7-RS','antares',1,NULL,'vantaa'),('HGN-732','antares',1,NULL,'vantaa'),('ON1-V','antares',1,NULL,'vantaa'),('JM6-A','antares',1,NULL,'vantaa'),('ON1-VA','antares',1,NULL,'vantaa'),('HGN-733','antares',1,NULL,'vantaa'),('STK-3F','antares',1,NULL,'vantaa'),('BJ-3','antares',1,NULL,'vantaa'),('CN9-A','dankith',1,NULL,'hainfield'),('CN9-AL','dankith',1,NULL,'hainfield'),('CN9-D','dankith',1,NULL,'hainfield'),('SHD-2H','dankith',2,NULL,'memmingen'),('SHD-2D2','dankith',2,NULL,'memmingen'),('HBK-4SP','dankith',6,NULL,'memmingen'),('HBK-4P','dankith',2,NULL,'memmingen'),('JR7-F','dankith',4,NULL,'maule'),('RVN-3L','dankith',4,NULL,'maule'),('HBK-4J','dankith',2,NULL,'maule'),('HBK-4H','dankith',2,NULL,'maule'),('HBK-4P','dankith',2,NULL,'maule'),('HBK-4SP','dankith',2,NULL,'maule'),('SHD-2H','dankith',2,NULL,'crimond'),('SHD-2D2','dankith',4,NULL,'crimond'),('BLR-1S','dankith',1,NULL,'crimond'),('BLR-1D','dankith',1,NULL,'crimond'),('BLR-1G','dankith',1,NULL,'crimond'),('TDR-5SS','dankith',2,131,NULL),('TDR-5S','dankith',2,131,NULL),('CN9-D','dankith',2,131,NULL),('CN9-AL','dankith',2,131,NULL),('CN9-A','dankith',2,131,NULL),('VTR-9B','antares',5,134,NULL),('JR7-F','crazyhorse',4,139,NULL),('CN9-AL','crazyhorse',2,139,NULL),('CN9-A','crazyhorse',2,139,NULL),('BJ-1','crazyhorse',4,138,NULL),('BJ-1DC','crazyhorse',2,138,NULL),('JR7-F','crazyhorse',4,138,NULL),('JR7-K','crazyhorse',2,138,NULL),('AS7-D-DC','crazyhorse',3,138,NULL),('AS7-D-DC','dankith',4,131,NULL),('JR7-K','dankith',1,131,NULL),('HBK-4G','vas79',1,143,NULL),('CPLT-K2','vas79',1,143,NULL),('AS7-D-DC','dankith',3,154,NULL),('TDR-5S','dankith',2,154,NULL),('CN9-D','dankith',2,154,NULL),('CN9-AL','dankith',2,154,NULL),('CN9-A','dankith',2,154,NULL),('COM-DK','deadfire',3,NULL,'skye'),('COM-1B','deadfire',1,NULL,'skye'),('CPLT-K2','hrunting',1,155,NULL),('CPLT-A1','hrunting',1,155,NULL),('CN9-YLW','dankith',3,NULL,'hainfield'),('SDR-5D','crazyhorse',3,138,NULL),('BLR-1S','3rdworld',2,NULL,'barstow'),('BLR-1D','3rdworld',1,NULL,'barstow'),('RVN-3L','dankith',2,154,NULL),('VTR-9K','krazypoloc',1,NULL,'woodstock'),('VTR-9B','krazypoloc',1,NULL,'woodstock'),('STK-M','krazypoloc',1,NULL,'woodstock'),('HGN-HM','krazypoloc',2,NULL,'woodstock'),('HGN-733P','krazypoloc',1,NULL,'woodstock'),('HGN-733','krazypoloc',1,NULL,'woodstock'),('HGN-732','krazypoloc',1,NULL,'woodstock'),('CN9-A','krazypoloc',1,NULL,'woodstock'),('BLR-1G','krazypoloc',1,NULL,'woodstock'),('BJ-1X','krazypoloc',1,NULL,'woodstock'),('BJ-1DC','krazypoloc',1,NULL,'woodstock'),('BJ-1','krazypoloc',1,NULL,'woodstock'),('SHD-2D2','dankith',2,131,NULL),('SHD-2H','dankith',2,131,NULL),('SHD-5M','dankith',2,NULL,'radstadt'),('TDR-9SE','dankith',2,NULL,'radstadt'),('JR7-F','antares',2,134,NULL),('CN9-YLW','antares',1,134,NULL),('JM6-S','antares',3,134,NULL),('LCT-3M','antares',1,134,NULL),('VTR-9S','antares',4,134,NULL),('HGN-HM','canuck307',1,NULL,'montmarault'),('RVN-2X','antares',2,156,NULL),('KTO-19','hrunting',4,155,NULL),('QKD-4H','antares',1,156,NULL),('KTO-BOY','hrunting',1,155,NULL),('HGN-733','antares',1,156,NULL),('SHD-2H','krazypoloc',2,NULL,'woodstock'),('SHD-2D2','krazypoloc',2,NULL,'woodstock'),('RVN-3L','dankith',2,NULL,'crimond'),('AS7-D-DC','dankith',1,NULL,'crimond'),('AS7-D-DC','khavi vetali',2,152,NULL),('AS7-D','khavi vetali',2,152,NULL),('BLR-1G','khavi vetali',2,152,NULL),('CN9-A','khavi vetali',2,152,NULL),('CTF-IM','khavi vetali',2,152,NULL),('HGN-733C','khavi vetali',2,152,NULL),('JR7-D','khavi vetali',3,152,NULL),('JR7-F','khavi vetali',3,152,NULL),('VTR-9S','khavi vetali',2,152,NULL),('CPLT-K2','khavi vetali',1,152,NULL),('CDA-3M','khavi vetali',1,153,NULL),('CN9-A','khavi vetali',2,153,NULL),('DGN-1C','khavi vetali',2,153,NULL),('DGN-5N','khavi vetali',2,153,NULL),('HBK-4G','khavi vetali',2,153,NULL),('JR7-D','khavi vetali',3,153,NULL),('JR7-F','khavi vetali',3,153,NULL),('KTO-18','khavi vetali',2,153,NULL),('QKD-5K','khavi vetali',1,153,NULL),('SDR-5D','khavi vetali',2,153,NULL),('SHD-2D2','khavi vetali',2,153,NULL),('SHD-2H','khavi vetali',2,153,NULL),('TDR-9SE','khavi vetali',1,153,NULL),('RVN-3L','khavi vetali',1,153,NULL),('QKD-5K','greyghosts',2,148,NULL),('KTO-18','greyghosts',2,148,NULL),('VTR-DS','deadfire',1,NULL,'trent'),('COM-2D','deadfire',1,NULL,'skye'),('BJ-1','crazyhorse',2,139,NULL),('CDA-3M','krazypoloc',1,NULL,'genoa'),('SHD-5M','krazypoloc',1,NULL,'genoa'),('HGN-733C','krazypoloc',2,NULL,'genoa'),('JR7-D','krazypoloc',1,NULL,'genoa'),('SHD-2D2','krazypoloc',4,NULL,'genoa'),('JR7-F','krazypoloc',2,NULL,'genoa'),('AS7-D-DC','3rdworld',2,NULL,'biham'),('CTF-3D','3rdworld',2,159,NULL),('AS7-D-DC','greyghosts',4,148,NULL),('HGN-HM','greyghosts',1,148,NULL),('HGN-733C','greyghosts',4,148,NULL),('AS7-D-DC','greyghosts',4,149,NULL),('HGN-732','greyghosts',1,149,NULL),('HGN-733C','greyghosts',4,149,NULL),('KTO-18','greyghosts',2,149,NULL),('QKD-5K','greyghosts',1,149,NULL),('CN9-A','greyghosts',1,149,NULL),('CN9-YLW','greyghosts',1,149,NULL),('CTF-IM','krazypoloc',1,132,NULL),('CTF-3D','krazypoloc',16,132,NULL),('CN9-YLW','greyghosts',2,148,NULL),('AS7-D','antares',1,NULL,'winfield'),('BJ-1','antares',2,NULL,'winfield'),('JM6-A','antares',2,NULL,'winfield'),('JR7-K','antares',2,NULL,'winfield'),('SDR-5D','antares',2,NULL,'winfield'),('STK-M','antares',1,NULL,'winfield'),('CDA-2A','antares',1,NULL,'winfield'),('CDA-2B','antares',2,NULL,'winfield'),('CTF-4X','antares',1,NULL,'winfield'),('STK-3H','antares',1,NULL,'winfield'),('TBT-7M','antares',1,NULL,'winfield'),('VTR-9K','antares',2,NULL,'winfield'),('CTF-2X','antares',1,NULL,'winfield'),('COM-2D','antares',1,NULL,'winfield'),('KTO-20','antares',1,NULL,'winfield'),('TBT-5J','antares',1,NULL,'winfield'),('ON1-V','antares',1,NULL,'winfield'),('COM-2D','hrunting',1,155,NULL),('JR7-F','3rdworld',1,159,NULL),('AS7-D','gman129',4,157,NULL),('JR7-D','gman129',4,157,NULL),('CN9-A','mech79',6,NULL,'aix-la-chapelle'),('CN9-YLW','mech79',6,NULL,'aix-la-chapelle'),('SHD-2D2','mech79',2,NULL,'aix-la-chapelle'),('SHD-5M','mech79',2,NULL,'aix-la-chapelle'),('SDR-5D','antares',2,134,NULL),('COM-2D','antares',1,134,NULL),('HGN-733C','krazypoloc',3,132,NULL),('VTR-DS','antares',1,NULL,'vantaa'),('CDA-2A','antares',1,NULL,'vantaa'),('CDA-2B','antares',1,NULL,'vantaa'),('COM-1D','antares',1,NULL,'vantaa'),('HGN-732','3rdworld',2,NULL,'biham'),('CN9-A','3rdworld',1,159,NULL),('VTR-9B','canuck307',4,151,NULL),('VTR-9S','canuck307',4,151,NULL),('JR7-D','gman129',1,NULL,'vega'),('HBK-4P','gman129',3,NULL,'vega'),('HGN-733C','gman129',4,157,NULL),('JM6-DD','crazyhorse',2,139,NULL),('JM6-S','crazyhorse',2,139,NULL),('AS7-RS','crazyhorse',1,139,NULL),('AS7-D','crazyhorse',1,139,NULL),('JR7-F','krazypoloc',4,NULL,'berenson'),('JR7-D','krazypoloc',4,NULL,'berenson'),('STK-3F','krazypoloc',4,NULL,'berenson'),('QKD-4H','krazypoloc',3,NULL,'berenson'),('QKD-4G','krazypoloc',1,NULL,'berenson'),('QKD-5K','krazypoloc',1,NULL,'berenson'),('COM-2D','hrunting',4,NULL,'carstairs'),('SDR-5D','antares',2,160,NULL),('CDA-2A','antares',2,160,NULL),('CDA-2B','antares',1,160,NULL),('JM6-A','antares',3,160,NULL),('VTR-DS','antares',2,160,NULL),('HBK-4H','antares',3,160,NULL),('COM-1B','antares',1,160,NULL),('TBT-5J','antares',1,160,NULL),('HGN-HM','antares',1,160,NULL),('JR7-F','canuck307',3,NULL,'antares'),('HGN-733C','canuck307',3,NULL,'antares'),('JM6-S','canuck307',1,NULL,'antares'),('STK-3F','canuck307',1,NULL,'antares'),('STK-M','canuck307',1,NULL,'antares'),('CN9-AL','canuck307',4,NULL,'antares'),('CN9-YLW','canuck307',1,NULL,'antares'),('HGN-HM','canuck307',1,NULL,'antares'),('VTR-9B','canuck307',3,NULL,'antares'),('BJ-1','krazypoloc',1,NULL,'summer'),('HGN-HM','krazypoloc',3,NULL,'summer'),('BJ-1X','krazypoloc',1,NULL,'summer'),('BJ-1DC','krazypoloc',4,NULL,'summer'),('SHD-5M','krazypoloc',1,NULL,'summer'),('AS7-D-DC','mech79',3,141,NULL),('AS7-D','mech79',2,141,NULL),('JR7-D','mech79',4,141,NULL),('KTO-19','mech79',2,141,NULL),('SHD-2D2','mech79',2,141,NULL),('TDR-5SS','mech79',4,141,NULL),('SHD-5M','mech79',1,141,NULL),('JR7-F','mech79',4,141,NULL),('AS7-D','hrunting',3,NULL,'tharkad'),('CDA-3M','hrunting',4,NULL,'tharkad'),('SDR-5D','hrunting',5,167,NULL),('RVN-4X','gman129',1,NULL,'vega'),('SHD-2D2','krazypoloc',3,132,NULL),('JR7-F','krazypoloc',4,132,NULL),('SHD-2H','krazypoloc',1,132,NULL),('CTF-4X','krazypoloc',1,NULL,'genoa'),('HGN-733C','aylward',1,165,NULL),('HGN-HM','aylward',1,165,NULL),('CPLT-C1','aylward',1,166,NULL),('CPLT-K2','aylward',1,166,NULL),('HGN-HM','aylward',1,166,NULL),('KTO-BOY','aylward',1,165,NULL),('STK-3F','aylward',1,165,NULL),('STK-5M','aylward',1,165,NULL),('STK-M','aylward',1,165,NULL),('TBT-7K','aylward',2,165,NULL),('RVN-4X','blackwindlancers',1,168,NULL),('CN9-AL','blackwindlancers',1,168,NULL),('CN9-YLW','blackwindlancers',1,168,NULL),('SHD-5M','blackwindlancers',3,168,NULL),('SHD-2H','blackwindlancers',1,168,NULL),('CDA-3C','blackwindlancers',1,168,NULL),('JM6-DD','aylward',3,NULL,'lee'),('CPLT-K2','aylward',2,NULL,'bell'),('RVN-3L','aylward',1,NULL,'bell'),('RVN-2X','aylward',1,NULL,'bell'),('AS7-D-DC','hrunting',2,155,NULL),('AS7-D','hrunting',2,155,NULL),('CDA-3M','hrunting',2,155,NULL),('BJ-1X','cef command',1,NULL,'marlowes rift'),('HBK-4SP','cef command',2,NULL,'marlowes rift'),('RVN-3L','deadfire',1,145,NULL),('HBK-4P','deadfire',6,145,NULL),('JR7-F','gman129',2,NULL,'vega'),('KTO-BOY','aylward',2,NULL,'bethel'),('TBT-7K','aylward',1,NULL,'bethel'),('CPLT-C1','aylward',1,NULL,'bethel'),('STK-3F','aylward',1,NULL,'bethel'),('STK-5M','aylward',1,NULL,'bethel'),('HGN-733C','aylward',1,NULL,'bethel'),('CPLT-A1','aylward',2,NULL,'bethel'),('KTO-20','aylward',1,NULL,'bethel'),('JR7-D','aylward',1,NULL,'bethel'),('TBT-5J','aylward',1,NULL,'bethel'),('BLR-1G','mech79',6,141,NULL),('CTF-4X','blackwindlancers',1,168,NULL),('CTF-1X','blackwindlancers',1,168,NULL),('CDA-2A','blackwindlancers',1,168,NULL),('HBK-4H','blackwindlancers',1,NULL,'minnacora'),('CDA-2A','blackwindlancers',2,NULL,'minnacora'),('CTF-2X','blackwindlancers',1,NULL,'minnacora'),('CTF-1X','blackwindlancers',1,NULL,'minnacora'),('CDA-3C','blackwindlancers',1,NULL,'minnacora'),('AS7-BH','blackwindlancers',1,NULL,'minnacora'),('CTF-4X','blackwindlancers',1,NULL,'minnacora'),('LCT-3M','crazyhorse',4,NULL,'benjamin'),('JR7-F','crazyhorse',2,NULL,'benjamin'),('JR7-K','crazyhorse',2,NULL,'benjamin'),('AS7-D-DC','blackstoneknights',2,163,NULL),('AS7-RS','blackstoneknights',3,163,NULL),('CTF-3D','blackstoneknights',6,163,NULL),('CTF-IM','blackstoneknights',2,163,NULL),('RVN-3L','blackstoneknights',3,163,NULL),('TBT-5J','antares',1,134,NULL),('CDA-2A','antares',1,134,NULL),('JR7-D','antares',1,134,NULL),('TBT-7M','antares',1,134,NULL),('KTO-18','antares',1,134,NULL),('JR7-K','antares',1,134,NULL),('JR7-D','vas79',1,144,NULL),('JR7-F','vas79',1,144,NULL),('JR7-K','vas79',1,144,NULL),('RVN-3L','vas79',1,144,NULL),('HBK-4SP','vas79',2,144,NULL),('HBK-4G','vas79',1,144,NULL),('HBK-4P','vas79',2,144,NULL),('SHD-2D2','vas79',1,144,NULL),('SHD-5M','vas79',1,144,NULL),('LCT-3M','cef command',2,136,NULL),('CTF-3D','khavi vetali',2,152,NULL),('JM6-S','khavi vetali',2,152,NULL),('STK-3F','khavi vetali',2,152,NULL),('HBK-4SP','khavi vetali',1,153,NULL),('TDR-9SE','vas79',2,142,NULL),('HBK-4G','vas79',2,142,NULL),('JR7-K','vas79',3,142,NULL),('JR7-D','vas79',2,142,NULL),('JR7-F','vas79',2,142,NULL),('KTO-18','vas79',1,142,NULL),('CTF-3D','3rdworld',1,133,NULL),('HGN-733C','3rdworld',2,133,NULL),('HGN-733P','krazypoloc',1,NULL,'summer'),('SHD-2H','krazypoloc',1,NULL,'summer'),('STK-5S','aylward',1,NULL,'bethel');
/*!40000 ALTER TABLE `mech` ENABLE KEYS */;
UNLOCK TABLES;

--
-- Table structure for table `message`
--

DROP TABLE IF EXISTS `message`;
/*!40101 SET @saved_cs_client     = @@character_set_client */;
/*!40101 SET character_set_client = utf8 */;
CREATE TABLE `message` (
  `sent` timestamp NOT NULL DEFAULT CURRENT_TIMESTAMP ON UPDATE CURRENT_TIMESTAMP,
  `sender` varchar(25) NOT NULL,
  `reciever` varchar(25) NOT NULL,
  `message` varchar(5000) NOT NULL,
  `subject` varchar(200) NOT NULL
) ENGINE=InnoDB DEFAULT CHARSET=latin1;
/*!40101 SET character_set_client = @saved_cs_client */;

--
-- Dumping data for table `message`
--

LOCK TABLES `message` WRITE;
/*!40000 ALTER TABLE `message` DISABLE KEYS */;
/*!40000 ALTER TABLE `message` ENABLE KEYS */;
UNLOCK TABLES;

--
-- Table structure for table `notifications`
--

DROP TABLE IF EXISTS `notifications`;
/*!40101 SET @saved_cs_client     = @@character_set_client */;
/*!40101 SET character_set_client = utf8 */;
CREATE TABLE `notifications` (
  `notification_type` varchar(25) NOT NULL,
  `username` varchar(25) NOT NULL,
  `created` timestamp NOT NULL DEFAULT CURRENT_TIMESTAMP,
  `sender` varchar(25) DEFAULT NULL,
  `value` int(20) DEFAULT NULL
) ENGINE=InnoDB DEFAULT CHARSET=latin1;
/*!40101 SET character_set_client = @saved_cs_client */;

--
-- Dumping data for table `notifications`
--

LOCK TABLES `notifications` WRITE;
/*!40000 ALTER TABLE `notifications` DISABLE KEYS */;
INSERT INTO `notifications` VALUES ('attack','mech79','2013-10-22 06:57:42','deadfire',0),('attack declared','deadfire','2013-10-22 06:57:42','mech79',0),('attack','canuck307','2013-10-22 15:06:35','antares',0),('attack declared','antares','2013-10-22 15:06:35','canuck307',1),('attack declared','antares','2013-10-22 20:54:04','canuck307',0),('defend','antares','2013-10-22 23:41:56','canuck307',0),('defend','canuck307','2013-10-22 23:41:56','antares',0),('attack','dankith','2013-10-23 00:16:40','vas79',0),('attack declared','vas79','2013-10-23 00:16:40','dankith',1),('attack','greyghosts','2013-10-23 13:26:11','3rdworld',0),('attack declared','3rdworld','2013-10-23 13:26:11','greyghosts',0),('attack','greyghosts','2013-10-23 13:39:48','3rdworld',0),('attack declared','3rdworld','2013-10-23 13:39:48','greyghosts',0),('attack','canuck307','2013-10-23 17:21:59','antares',0),('attack declared','antares','2013-10-23 17:21:59','canuck307',1),('defend','vas79','2013-10-23 20:20:43','dankith',0),('defend','dankith','2013-10-23 20:20:43','vas79',0),('report','vas79','2013-10-24 04:00:37','dankith',0),('report declared','dankith','2013-10-24 04:00:37','vas79',0),('win','vas79','2013-10-24 04:01:25','dankith',709),('loss','dankith','2013-10-24 04:01:25','vas79',709),('attack','3rdworld','2013-10-24 04:17:26','cef command',0),('attack declared','cef command','2013-10-24 04:17:26','3rdworld',1),('win','vas79','2013-10-25 06:17:33','dankith',709),('loss','dankith','2013-10-25 06:17:33','vas79',709),('defend contract','crazyhorse','2013-10-26 16:54:26','3rdworld',0),('defend hire','3rdworld','2013-10-26 16:54:26','crazyhorse',0),('report','antares','2013-10-26 23:01:02','canuck307',0),('report declared','canuck307','2013-10-26 23:01:02','antares',0),('win','antares','2013-10-26 23:03:51','canuck307',707),('loss','canuck307','2013-10-26 23:03:51','antares',707),('win','deadfire','2013-10-27 07:13:47','mech79',706),('loss','mech79','2013-10-27 07:13:47','deadfire',706),('match hire','crazyhorse','2013-10-27 20:22:19','cef command',713),('defend','3rdworld','2013-10-27 20:22:19','cef command',713),('defend','cef command','2013-10-27 20:22:19','3rdworld',713),('attack','hrunting','2013-10-28 05:06:11','deadfire',0),('attack declared','deadfire','2013-10-28 05:06:11','hrunting',1),('attack','gman129','2013-10-28 07:39:25','deadfire',0),('attack declared','deadfire','2013-10-28 07:39:25','gman129',1),('win','3rdworld','2013-10-28 16:30:27','greyghosts',710),('loss','greyghosts','2013-10-28 16:30:27','3rdworld',710),('win','3rdworld','2013-10-28 16:30:28','greyghosts',711),('loss','greyghosts','2013-10-28 16:30:28','3rdworld',711),('defend','deadfire','2013-10-30 03:15:08','gman129',0),('defend','gman129','2013-10-30 03:15:08','deadfire',0),('attack','vas79','2013-10-30 03:41:10','khavi vetali',0),('attack declared','khavi vetali','2013-10-30 03:41:10','vas79',1),('defend contract','canuck307','2013-10-30 07:46:16','hrunting',-1),('defend hire','hrunting','2013-10-30 07:46:16','canuck307',-1),('attack','krazypoloc','2013-10-30 16:59:05','3rdworld',0),('attack declared','3rdworld','2013-10-30 16:59:05','krazypoloc',1),('give cbills','vas79','2013-11-01 00:03:48','dankith',37500000),('defend','khavi vetali','2013-11-01 00:12:59','vas79',0),('defend','vas79','2013-11-01 00:12:59','khavi vetali',0),('defend contract','gman129','2013-11-01 03:02:22','hrunting',714),('defend hire','hrunting','2013-11-01 03:02:22','gman129',714),('attack','canuck307','2013-11-01 15:17:37','antares',0),('attack declared','antares','2013-11-01 15:17:37','canuck307',0),('win','deadfire','2013-11-01 18:00:37','hrunting',714),('loss','hrunting','2013-11-01 18:00:37','deadfire',714),('loss','gman129','2013-11-01 18:00:37','deadfire',714),('attack','hrunting','2013-11-01 18:41:41','deadfire',0),('attack declared','deadfire','2013-11-01 18:41:41','hrunting',1),('attack','antares','2013-11-01 21:24:44','vas79',0),('attack declared','vas79','2013-11-01 21:24:44','antares',0),('attack','hrunting','2013-11-01 22:46:11','vas79',0),('attack declared','vas79','2013-11-01 22:46:11','hrunting',1),('defend contract','gman129','2013-11-02 00:33:22','hrunting',0),('defend hire','hrunting','2013-11-02 00:33:22','gman129',0),('match hire','gman129','2013-11-02 01:06:44','deadfire',721),('defend','hrunting','2013-11-02 01:06:44','deadfire',721),('defend','deadfire','2013-11-02 01:06:44','hrunting',721),('defend','vas79','2013-11-02 09:17:18','hrunting',723),('defend','hrunting','2013-11-02 09:17:18','vas79',723),('defend','3rdworld','2013-11-03 02:37:02','krazypoloc',0),('defend','krazypoloc','2013-11-03 02:37:02','3rdworld',0),('attack','krazypoloc','2013-11-03 07:43:14','3rdworld',0),('attack declared','3rdworld','2013-11-03 07:43:14','krazypoloc',1),('attack','hrunting','2013-11-03 08:44:41','deadfire',727),('attack declared','deadfire','2013-11-03 08:44:41','hrunting',0),('attack','krazypoloc','2013-11-03 16:40:02','3rdworld',728),('attack declared','3rdworld','2013-11-03 16:40:02','krazypoloc',0),('attack','crazyhorse','2013-11-05 00:55:53','cef command',730),('attack declared','cef command','2013-11-05 00:55:53','crazyhorse',0),('contract','blackstoneknights','2013-11-05 03:25:24','aylward',731),('hire','aylward','2013-11-05 03:25:24','blackstoneknights',731),('report','deadfire','2013-11-05 03:40:31','gman129',0),('report declared','gman129','2013-11-05 03:40:31','deadfire',0),('win','deadfire','2013-11-05 03:48:00','gman129',715),('loss','gman129','2013-11-05 03:48:00','deadfire',715),('attack','gman129','2013-11-05 05:49:18','deadfire',732),('attack declared','deadfire','2013-11-05 05:49:18','gman129',0),('attack','blackwindlancers','2013-11-05 06:16:39','aylward',0),('attack declared','aylward','2013-11-05 06:16:39','blackwindlancers',1),('defend','aylward','2013-11-05 07:35:05','blackwindlancers',733),('defend','blackwindlancers','2013-11-05 07:35:05','aylward',733),('win','antares','2013-11-06 01:43:35','canuck307',720),('loss','canuck307','2013-11-06 01:43:35','antares',720),('win','vas79','2013-11-06 01:52:38','antares',722),('loss','antares','2013-11-06 01:52:38','vas79',722),('report','khavi vetali','2013-11-06 03:26:15','vas79',0),('report declared','vas79','2013-11-06 03:26:15','khavi vetali',0),('win','khavi vetali','2013-11-06 03:36:23','vas79',718),('loss','vas79','2013-11-06 03:36:23','khavi vetali',718),('report','3rdworld','2013-11-06 04:38:37','krazypoloc',0),('report declared','krazypoloc','2013-11-06 04:38:37','3rdworld',0),('win','3rdworld','2013-11-06 04:41:31','krazypoloc',719),('loss','krazypoloc','2013-11-06 04:41:31','3rdworld',719),('defend','3rdworld','2013-11-06 06:15:57','krazypoloc',726),('defend','krazypoloc','2013-11-06 06:15:57','3rdworld',726),('attack','aylward','2013-11-06 07:16:00','blackwindlancers',734),('attack declared','blackwindlancers','2013-11-06 07:16:00','aylward',0),('give cbills','crazyhorse','2013-11-06 18:09:01','3rdworld',15000000),('contract','blackstoneknights','2013-11-06 21:14:18','3rdworld',735),('hire','3rdworld','2013-11-06 21:14:18','blackstoneknights',735),('contract','blackstoneknights','2013-11-06 21:21:19','3rdworld',736),('hire','3rdworld','2013-11-06 21:21:19','blackstoneknights',736),('attack','krazypoloc','2013-11-06 21:24:37','3rdworld',737),('attack declared','3rdworld','2013-11-06 21:24:37','krazypoloc',0),('contract','gman129','2013-11-06 21:28:44','3rdworld',739),('hire','3rdworld','2013-11-06 21:28:44','gman129',739),('contract','blackstoneknights','2013-11-06 21:29:29','3rdworld',740),('hire','3rdworld','2013-11-06 21:29:29','blackstoneknights',740);
/*!40000 ALTER TABLE `notifications` ENABLE KEYS */;
UNLOCK TABLES;

--
-- Table structure for table `planet`
--

DROP TABLE IF EXISTS `planet`;
/*!40101 SET @saved_cs_client     = @@character_set_client */;
/*!40101 SET character_set_client = utf8 */;
CREATE TABLE `planet` (
  `planet_name` varchar(50) NOT NULL,
  `owner_name` varchar(25) NOT NULL DEFAULT 'Unowned',
  `match_conditions` varchar(500) NOT NULL,
  `location_y` int(11) NOT NULL,
  `cbill_value` int(20) DEFAULT NULL,
  `production` varchar(1000) DEFAULT NULL,
  `invuln` int(1) DEFAULT NULL,
  `location_x` int(11) DEFAULT NULL,
  `image` varchar(100) DEFAULT NULL,
  `region` varchar(50) DEFAULT 'core',
  `capacity` int(11) DEFAULT NULL,
  PRIMARY KEY (`planet_name`)
) ENGINE=InnoDB DEFAULT CHARSET=latin1;
/*!40101 SET character_set_client = @saved_cs_client */;

--
-- Dumping data for table `planet`
--

LOCK TABLES `planet` WRITE;
/*!40000 ALTER TABLE `planet` DISABLE KEYS */;
INSERT INTO `planet` VALUES ('acala','aylward','',3750,4928827,'JM6-DD, JM6-A, JM6-S, JM6-FB, CN9-A, CN9-D, CN9-YLW, CN9-AL, SHD-2D2, SHD-2H, SHD-5M, TDR-5S, TDR-9SE, TDR-5SS',0,2824,'lava.png','davion',18),('aix-la-chapelle','mech79','Max total tonnage of 650 per team',2180,9091098,'JR7-F, JR7-D, JR7-K, KTO-18, KTO-19, KTO-20, KTO-BOY, DGN-1C, DGN-5N, DGN-1N, DGN-FL, DGN-FA, dropship16',0,2230,'desert.png','kurita',36),('alcor','krazypoloc','No Jump Jets',2710,14569223,'CN9-A, CN9-D, CN9-AL, CN9-YLW, BLR-1D, BLR-1G, BLR-1S, VTR-DS, VTR-9S, VTR-9K, VTR-9B, SDR-5V, SDR-5K, SDR-5D',0,1240,'lava.png','lyran',32),('alleghe','antares','No Streak SRM2s',460,9706682,'TDR-5S, TDR-5SS, TDR-9SE, CPLT-C1, CPLT-C4, CPLT-A1, CPLT-K2, CPLT-J, BJ-1, BJ-1DC, BJ-1X, BJ-3, DGN-FA, DGN-FL, DGN-1C, DGN-1N, DGN-5N',0,1940,'red.png','frr',14),('alshain','dankith','',1358,14766337,'QKD-4H, QKD-4G, QKD-5K, CN9-A, CN9-D, CN9-AL, CN9-YLW, KTO-18, KTO-19, KTO-BOY, KTO-20',0,2610,'blue.png','kurita',32),('antares','canuck307','No AMS',1145,18838948,'LCT-1V, LCT-3M, LCT-3S, VTR-DS, VTR-9S, VTR-9K, VTR-9B, dropship16',0,1038,'gas.png','lyran',29),('arcturus','canuck307','',1720,13963216,'QKD-4H, QKD-4G, QKD-5K, LCT-1V, LCT-3M, LCT-3S, HBK-4G, HBK-4H, HBK-4J, HBK-4P, HBK-4SP, CDA-X5, CDA-2A, CDA-2B, CDA-3C, CDA-3M, dropship16, dropship28',0,1304,'blue.png','lyran',17),('ardoz','dankith','No consumable barrage modules',1470,13779371,'HGN-732, HGN-733, HGN-733C, HGN-733P, HGN-HM, CPLT-C1, CPLT-C4, CPLT-A1, CPLT-K2, CPLT-J, DGN-FA, DGN-FL, DGN-1C, DGN-1N, DGN-5N, dropship16, dropship28',0,2356,'lava.png','kurita',23),('arganda','krazypoloc','',2670,24575930,'HBK-4G, HBK-4H, HBK-4J, HBK-4P, HBK-4SP, QKD-4H, QKD-4G, QKD-5K, SHD-2D2, SHD-2H, SHD-5M, COM-DK, COM-1D, COM-1B, COM-3A, COM-2D',0,820,'red.png','lyran',32),('asgard','vas79','',1450,14383020,'HGN-732, HGN-733, HGN-733C, HGN-733P, HGN-HM, SHD-2D2, SHD-2H, SHD-5M, RVN-3L, RVN-2X, RVN-4X, dropship16',0,2990,'earth.png','kurita',30),('baldur','crazyhorse','',1740,12716597,'HGN-732, HGN-733, HGN-733C, HGN-733P, HGN-HM, HBK-4G, HBK-4H, HBK-4J, HBK-4P, HBK-4SP, DGN-FA, DGN-FL, DGN-1C, DGN-1N, DGN-5N, dropship16, dropship28',0,2460,'lava.png','kurita',32),('barstow','3rdworld','',3250,22618367,'AS7-D, AS7-D-DC, AS7-K, AS7-RS, AS7-BH, BLR-1D, BLR-1G, BLR-1S, JM6-FB, JM6-A, JM6-DD, JM6-S, dropship16',0,3000,'forest.png','davion',22),('basiliano','vas79','',880,10686107,'STK-M, STK-4N, STK-3H, STK-3F, STK-5M, STK-5S, ON1-PR, ON1-K, ON1-M, ON1-V, ON1-VA, RVN-3L, RVN-2X, RVN-4X',0,1680,'forest.png','frr',24),('bell','aylward','Max total tonnage of 550 per team',3700,4428760,'JR7-F, JR7-K, JR7-D, RVN-3L, RVN-2X, RVN-4X, CPLT-K2, CPLT-A1, CPLT-C1, CPLT-C4, CPLT-J',0,2476,'dark.png','davion',25),('benjamin','crazyhorse','',2120,10200000,'LCT-1V, LCT-3M, LCT-3S, CN9-A, CN9-D, CN9-AL, CN9-YLW, JR7-D, JR7-F, JR7-K, dropship16',1,2850,'gas.png','kurita',22),('berenson','krazypoloc','',3600,14657284,'JR7-D, JR7-F, JR7-K, QKD-4H, QKD-4G, QKD-5K, STK-M, STK-4N, STK-3H, STK-3F, STK-5M, STK-5S, CDA-X5, CDA-2A, CDA-2B, CDA-3C, CDA-3M',0,1630,'forest.png','marik',31),('bethel','aylward','No ECM',4050,16283209,'KTO-18, KTO-19, KTO-20, KTO-BOY, TBT-5J, TBT-7M, TBT-5N, TBT-3C, TBT-7K, STK-5M, STK-5S, STK-4N, STK-3H, STK-M, STK-3F, dropship16, dropship28, dropship40',0,2800,'earth.png','davion',24),('biham','3rdworld','No Jump Jets',2688,12029118,'JR7-D, JR7-F, JR7-K, HGN-732, HGN-733, HGN-733C, HGN-733P, HGN-HM, LCT-1V, LCT-3M, LCT-3S, KTO-18, KTO-19, KTO-BOY, KTO-20',0,2008,'desert.png','kurita',17),('biuque','hrunting','No PPCs',1210,15182760,'BLR-1D, BLR-1G, BLR-1S, BJ-1X, BJ-1DC, BJ-1, BJ-3, JR7-F, JR7-D, JR7-K',0,600,'blue.png','lyran',22),('blackjack','multitallented','',750,0,'CPLT-C1, CPLT-C4, CPLT-A1, CPLT-K2, JR7-D, JR7-F, JR7-K, LCT-1V, LCT-3M, LCT-3S, dropship16',1,840,'dark.png','davion',22),('caripare','vas79','Max total tonnage of 650 per team',1220,12261083,'HGN-732, HGN-733, HGN-733C, HGN-733P, HGN-HM, TDR-5S, TDR-5SS, TDR-9SE, HBK-4G, HBK-4H, HBK-4J, HBK-4P, HBK-4SP, RVN-3L, RVN-2X, RVN-4X',0,3150,'dark.png','kurita',25),('carstairs','hrunting','Each team must bring 3 mechs of each weight class',1870,10671373,'QKD-4H, QKD-4G, QKD-5K, CPLT-C1, CPLT-C4, CPLT-A1, CPLT-K2, COM-DK, COM-1D, COM-1B, COM-3A, COM-2D',0,1300,'desert.png','lyran',24),('chaffee','greyghosts','No Jump Jets',2190,9048932,'AS7-D, AS7-D-DC, AS7-K, AS7-RS, AS7-BH, CN9-A, CN9-D, CN9-AL, CN9-YLW, QKD-4H, QKD-4G, QKD-5K, COM-DK, COM-1D, COM-1B, COM-3A, COM-2D',0,1210,'red.png','lyran',20),('chukchi iii','hrunting','',1975,14749502,'LCT-1V, LCT-3M, LCT-3S, CPLT-K2, CPLT-C1, CPLT-A1, CPLT-C4, CPLT-J, SHD-2D2, SHD-2H, SHD-5M',0,730,'lava.png','lyran',19),('clovis','3rdworld','',2910,14829304,'0',0,2860,'dark.png','davion',17),('crimond','dankith','No Light mechs',1500,12203842,'BLR-1D, BLR-1G, BLR-1S, SHD-2D2, SHD-2H, SHD-5M, BJ-1, BJ-1DC, BJ-1X, BJ-3',0,1460,'dark.png','davion',16),('donegal','multitallented','',1780,2600000,'SHD-2D2, SHD-2H, SHD-5M, AS7-D, AS7-D-DC, AS7-K, AS7-RS, AS7-BH, CDA-X5, CDA-2A, CDA-2B, CDA-3C, CDA-3M, dropship16',1,642,'forest.png','davion',15),('dukambia','hrunting','Each team must bring 3 mechs of each weight class',1490,5039470,'CN9-A, CN9-D, CN9-AL, CN9-YLW, STK-M, STK-4N, STK-3H, STK-3F, STK-5M, STK-5S, CDA-X5, CDA-2A, CDA-2B, CDA-3C, CDA-3M',0,769,'gas.png','davion',24),('duran','hrunting','No AC2s',1810,6398760,'CN9-YLW, CN9-A, CN9-D, CN9-AL, TDR-5S, TDR-5SS, TDR-9SE, AS7-D, AS7-D-DC, AS7-RS, AS7-BH, AS7-K, dropship16',0,200,'gas.png','lyran',26),('dustball','canuck307','No Light mechs',1320,12628005,'CPLT-C1, CPLT-C4, CPLT-A1, CPLT-K2, CPLT-J, CN9-A, CN9-D, CN9-AL, CN9-YLW, QKD-4H, QKD-4G, QKD-5K, CDA-X5, CDA-2A, CDA-2B, CDA-3C, CDA-3M, dropship16',0,1146,'desert.png','davion',17),('elbar','3rdworld','Max total tonnage of 750 per team',2975,16008402,'BJ-1, BJ-1DC, BJ-1X, BJ-3, ON1-PR, ON1-K, ON1-M, ON1-V, ON1-VA, SHD-2D2, SHD-2H, SHD-5M',0,2515,'gas.png','davion',25),('elissa','antares','',160,7000000,'All, dropship16, dropship28, dropship40',1,1640,'blue.png','clan',14),('emerson','aylward','',3675,7972766,'COM-1B, COM-1D, COM-3A, COM-DK, COM-2D, CPLT-K2, CPLT-A1, CPLT-C1, CPLT-C4, CPLT-J, AS7-D, AS7-D-DC, AS7-RS, AS7-K, AS7-BH',0,3070,'gas.png','davion',19),('farwell','aylward','Max total tonnage of 650 per team',3475,10072882,'VTR-9S, VTR-9B, VTR-9K, VTR-DS, QKD-4H, QKD-4G, QKD-5K, HBK-4H, HBK-4G, HBK-4J, HBK-4SP, HBK-4P, dropship16',0,2800,'desert.png','davion',23),('ferleiten','khavi vetali','',780,11957634,'CPLT-C1, CPLT-C4, CPLT-A1, CPLT-K2, CPLT-J, AS7-D, AS7-D-DC, AS7-K, AS7-RS, AS7-BH',0,2230,'blue.png','frr',20),('franklin','cef command','No PPCs',3030,12302988,'QKD-4H, QKD-4G, QKD-5K, ON1-PR, ON1-K, ON1-M, ON1-V, ON1-VA, BJ-1, BJ-1DC, BJ-1X, BJ-3, CDA-X5, CDA-2A, CDA-2B, CDA-3C, CDA-3M',0,3320,'blue.png','davion',31),('gan singh','blackstoneknights','',3590,5638290,'CTF-3D, CTF-2X, CTF-4X, CTF-1X, CTF-IM, RVN-3L, RVN-2X, RVN-4X, AS7-D, AS7-RS, AS7-BH, AS7-K, AS7-D-DC',0,2030,'blue.png','liao',29),('genoa','krazypoloc','No Streak SRM2s',3470,22719428,'TDR-5S, TDR-5SS, TDR-9SE, SHD-2D2, SHD-2H, SHD-5M, HBK-4G, HBK-4H, HBK-4J, HBK-4P, HBK-4SP',0,2000,'earth.png','liao',20),('glasgow','blackwindlancers','No Consumable Barrages',4500,8728765,'LCT-3M, LCT-1V, LCT-3S, BJ-1, BJ-3, BJ-1DC, BJ-1X, CTF-3D, CTF-4X, CTF-2X, CTF-1X, CTF-IM, AWS-8Q, AWS-8R, AWS-8T, AWS-8V, AWS-9M, AWS-PB, dropship16',0,2030,'gas.png','liao',29),('gram','mech79','',1980,13895553,'TDR-5S, TDR-5SS, TDR-9SE, SHD-2D2, SHD-2H, SHD-5M, BJ-1, BJ-1DC, BJ-1X, BJ-3, DGN-FA, DGN-FL, DGN-1C, DGN-1N, DGN-5N',0,2150,'red.png','kurita',28),('great x','antares','',925,10028274,'COM-1D, COM-2D, COM-1B, COM-3A, COM-DK, CTF-3D, CTF-1X, CTF-2X, CTF-4X, CTF-IM, QKD-4G, QKD-4H, QKD-5K',0,650,'dark.png','lyran',16),('hainfield','dankith','No Light mechs',1380,14050313,'CN9-A, CN9-D, CN9-AL, CN9-YLW, BJ-1, BJ-1DC, BJ-1X, BJ-3, RVN-3L, RVN-2X, RVN-4X',0,1810,'red.png','frr',27),('hesperus ii','deadfire','',2510,16221547,'JR7-D, JR7-F, JR7-K, SHD-2D2, SHD-2H, SHD-5M, COM-DK, COM-1D, COM-1B, COM-3A, COM-2D, dropship16',0,980,'lava.png','lyran',22),('hoff','cef command','No consumable barrage modules',2840,15730379,'HGN-732, HGN-733, HGN-733C, HGN-733P, HGN-HM, LCT-1V, LCT-3M, LCT-3S, TDR-5S, TDR-5SS, TDR-9SE, dropship16',0,3490,'earth.png','davion',28),('hyde','Unowned','',2200,8293835,'COM-1D, COM-1B, COM-2D, COM-3A, COM-DK, SHD-2D2, SHD-5M, SHD-2H, VTR-9S, VTR-9B, VTR-9K',0,580,'forest.png','lyran',21),('imalda','blackwindlancers','',4550,16792836,'CTF-3D, CTF-1X, CTF-2X, CTF-4X, CTF-IM, ON1-K, ON1-V, ON1-VA, ON1-M, ON1-PR, JR7-F, JR7-D, JR7-K, dropship16',0,2180,'gas.png','liao',16),('ingersoll','Unowned','Max total tonnage of 750 per team',4150,10347840,'RVN-3L, RVN-2X, RVN-4X, TBT-5J, TBT-7M, TBT-5N, TBT-3C, TBT-7K, STK-M, STK-5S, STK-4N, STK-5M, STK-3H, STK-3F, QKD-4H, QKD-4G, QKD-5K',0,1800,'desert.png','marik',26),('irurzun','crazyhorse','Max total tonnage of 550 per team',2400,8413689,'SHD-2D2, SHD-2H, SHD-5M, QKD-4H, QKD-4G, QKD-5K, dropship16, dropship28',0,3000,'desert.png','kurita',27),('itabaiana','vas79','',1080,11192058,'BJ-1, BJ-1DC, BJ-1X, BJ-3, STK-M, STK-4N, STK-3H, STK-3F, STK-5M, STK-5S, AS7-D, AS7-D-DC, AS7-K, AS7-RS, AS7-BH, RVN-3L, RVN-2X, RVN-4X, dropship16, dropship28',0,3000,'forest.png','kurita',22),('kanowit','m4rti','',1545,6872894,'HGN-732, HGN-733, HGN-733C, HGN-733P, HGN-HM, SDR-5D, SDR-5V, SDR-5K, CPLT-C1, CPLT-A1, CPLT-C4, CPLT-K2, CPLT-J, DGN-1N, DGN-1C, DGN-5N, DGN-FL, DGN-FA, dropship16',0,2750,'forest.png','kurita',28),('kathil','aylward','',3960,15528322,'HGN-732, HGN-733P, HGN-733, HGN-733C, HGN-HM, JR7-F, JR7-D, JR7-K, CPLT-C1, CPLT-C4, CPLT-A1, CPLT-K2, CPLT-J, QKD-4H, QKD-4G, QKD-5K, dropship16, dropship28',1,3100,'forest.png','davion',32),('kempten','dankith','No Jump Jets',1178,16273764,'BLR-1D, BLR-1G, BLR-1S, DGN-FA, DGN-FL, DGN-1C, DGN-1N, DGN-5N, dropship16, dropship28',0,2389,'desert.png','frr',24),('kentares iv','3rdworld','',3060,13600000,'ON1-PR, ON1-K, ON1-M, ON1-V, ON1-VA, LCT-1V, LCT-3M, LCT-3S, BLR-1D, BLR-1G, BLR-1S, VTR-DS, VTR-9S, VTR-9K, VTR-9B',1,2600,'earth.png','davion',30),('kirchbach','antares','Max total tonnage of 750 per team',625,15192488,'AS7-D, AS7-D-DC, AS7-K, AS7-RS, AS7-BH, HGN-732, HGN-733, HGN-733C, HGN-733P, HGN-HM, QKD-4H, QKD-4G, QKD-5K, KTO-18, KTO-19, KTO-BOY, KTO-20',0,1493,'desert.png','frr',32),('kitzingen','deadfire','',2445,14129390,'ON1-K, ON1-VA, ON1-V, ON1-PR, VTR-9S, VTR-DS, VTR-9K, VTR-9B, dropship16, dropship28',0,480,'dark.png','lyran',16),('kookens pleasure pit','canuck307','No PPCs',840,16343760,'JR7-D, JR7-F, JR7-K, TDR-5S, TDR-5SS, TDR-9SE, VTR-DS, VTR-9S, VTR-9K, VTR-9B, dropship16',0,870,'lava.png','lyran',24),('koumi','crazyhorse','',1910,11130284,'QKD-4H, QKD-4G, QKD-5K, BJ-1, BJ-1DC, BJ-1X, BJ-3, AS7-D, AS7-D-DC, AS7-K, AS7-RS, AS7-BH, KTO-18, KTO-19, KTO-BOY, KTO-20, SDR-5D, SDR-5K, SDR-5V',0,3400,'red.png','kurita',28),('krievci','hrunting','',1400,9093074,'CDA-2A, CDA-2B, CDA-X5, CDA-3M, CDA-3C, CPLT-K2, CPLT-C1, CPLT-C4, CPLT-A1, CPLT-J, HBK-4H, HBK-4G, HBK-4J, HBK-4SP, HBK-4P, SDR-5D, SDR-5V, SDR-5K, dropship16',0,500,'blue.png','lyran',19),('krin','blackwindlancers','No Consumable Barrages',4400,4492737,'SDR-5D, SDR-5K, SDR-5V, TDR-5S, TDR-5SS, TDR-9SE, BJ-1, BJ-1DC, BJ-3, BJ-1X, LCT-1V, LCT-3S, LCT-3M',0,1830,'blue.png','liao',24),('kufstein','khavi vetali','',900,15819445,'STK-M, STK-4N, STK-3H, STK-3F, STK-5M, STK-5S, QKD-4H, QKD-4G, QKD-5K, KTO-18, KTO-19, KTO-BOY, KTO-20, dropship16',0,1930,'red.png','frr',32),('lackland','cef command','No AMS',3270,7930382,'BJ-1, BJ-1DC, BJ-1X, BJ-3, HBK-4G, HBK-4H, HBK-4J, HBK-4P, HBK-4SP, JR7-D, JR7-F, JR7-K, dropship16',0,3680,'blue.png','davion',14),('lee','aylward','',3900,8874689,'JM6-DD, JM6-A, JM6-S, JM6-FB, CN9-A, COM-2D, COM-1D, COM-1B, COM-3A, COM-DK, SHD-2D2, SHD-2H, SHD-5M, TDR-5S, TDR-9SE, TDR-5SS',0,2700,'red.png','davion',20),('ludwig','3rdworld','No Light mechs',2600,22439286,'CPLT-C1, CPLT-C4, CPLT-A1, CPLT-K2, CPLT-J ON1-PR, ON1-K, ON1-M, ON1-V, ON1-VA, DGN-FA, DGN-FL, DGN-1C, DGN-1N, DGN-5N',0,2805,'forest.png','kurita',19),('mararn','cef command','',3300,9377344,'CPLT-C1, CPLT-C4, CPLT-A1, CPLT-K2, CPLT-J, QKD-4H, QKD-4G, QKD-5K, STK-M, STK-4N, STK-3H, STK-3F, STK-5M, STK-5S, JM6-FB, JM6-A, JM6-DD, JM6-S',0,3400,'earth.png','davion',21),('marlowes rift','cef command','',2590,10884158,'ON1-PR, ON1-K, ON1-M, ON1-V, ON1-VA, JR7-D, JR7-F, JR7-K, RVN-3L, RVN-2X, RVN-4X, dropship16, dropship28',0,3370,'dark.png','kurita',32),('matsuida','cef command','',2380,5200000,'QKD-4H, QKD-4G, QKD-5K, CN9-A, CN9-D, CN9-AL, CN9-YLW, KTO-18, KTO-19, KTO-BOY, KTO-20',1,3790,'gas.png','kurita',22),('maule','dankith','',1538,11418394,'JR7-D, JR7-F, JR7-K, HBK-4G, HBK-4H, HBK-4J, HBK-4P, HBK-4SP, CPLT-C1, CPLT-C4, CPLT-A1, CPLT-K2, CPLT-J, RVN-3L, RVN-2X, RVN-4X',0,2249,'red.png','frr',29),('memmingen','dankith','',1150,12126502,'HBK-4G, HBK-4H, HBK-4J, HBK-4P, HBK-4SP, SHD-2D2, SHD-2H, SHD-5M, BLR-1D, BLR-1G, BLR-1S',0,2020,'blue.png','frr',24),('menkar','krazypoloc','',3600,17023458,'JR7-D, JR7-F, JR7-K, HGN-732, HGN-733, HGN-733C, HGN-733P, HGN-HM, CPLT-C1, CPLT-C4, CPLT-A1, CPLT-K2, CPLT-J, RVN-3L, RVN-2X, RVN-4X, SDR-5D, SDR-5V, SDR-5K',0,2400,'forest.png','liao',14),('milton','krazypoloc','No ECM',3048,15792662,'HBK-4G, HBK-4H, HBK-4J, HBK-4P, HBK-4SP, STK-M, STK-4N, STK-3H, STK-3F, STK-5M, STK-5S, CDA-X5, CDA-2A, CDA-2B, CDA-3C, CDA-3M',0,1435,'earth.png','lyran',16),('minnacora','blackwindlancers','',4200,9148329,'HBK-4G, HBK-4H, HBK-4P, HBK-4SP, HBK-4J, AS7-D, AS7-D-DC, AS7-RS, AS7-BH, AS7-K, CTF-3D, CTF-1X, CTF-2X, CTF-4X, CTF-IM, CDA-3M, CDA-2A, CDA-2B, CDA-3C, CDA-X5',0,2500,'earth.png','liao',20),('mira','3rdworld','',3290,17885930,'BJ-1, BJ-1DC, BJ-1X, BJ-3, HBK-4G, HBK-4H, HBK-4J, HBK-4P, HBK-4SP, TDR-5S, TDR-5SS, TDR-9SE, VTR-DS, VTR-9S, VTR-9K, VTR-9B, dropship16',0,2510,'desert.png','davion',28),('montmarault','canuck307','',1200,21908258,'HGN-732, HGN-733, HGN-733C, HGN-733P, HGN-HM, STK-M, STK-4N, STK-3H, STK-3F, STK-5M, STK-5S, TDR-5S, TDR-5SS, TDR-9SE, VTR-DS, VTR-9S, VTR-9K, VTR-9B, dropship16, dropship28',0,1420,'forest.png','davion',17),('nestor','krazypoloc','',3114,14337440,'JR7-D, JR7-F, JR7-K, BLR-1D, BLR-1G, BLR-1S, TBT-3C, TBT-5J, TBT-5N, TBT-7M, TBT-7K',0,616,'dark.png','marik',17),('new caledonia','antares','',430,9229368,'SHD-2D2, SHD-2H, SHD-5M, AS7-D, AS7-D-DC, AS7-K, AS7-RS, AS7-BH, ON1-PR, ON1-K, ON1-M, ON1-V, ON1-VA, KTO-18, KTO-19, KTO-BOY, KTO-20, dropship16',0,1450,'red.png','frr',20),('new kyoto','krazypoloc','',2863,10382222,'HGN-732, HGN-733, HGN-733C, HGN-733P, HGN-HM, JR7-D, JR7-F, JR7-K, HBK-4G, HBK-4H, HBK-4J, HBK-4P, HBK-4SP, COM-DK, COM-1D, COM-1B, COM-3A, COM-2D, dropship16, dropship28',0,940,'lava.png','lyran',20),('oshika','multitallented','',1920,0,'ON1-PR, ON1-K, ON1-M, ON1-V, ON1-VA, BLR-1D, BLR-1G, BLR-1S, RVN-3L, RVN-2X, RVN-4X, dropship16',1,3720,'forest.png','kurita',28),('outreach','multitallented','No Streak SRM2s',3178,0,'CPLT-C1, CPLT-C4, CPLT-A1, CPLT-K2, CPLT-J, ON1-PR, ON1-K, ON1-M, ON1-V, ON1-VA, HBK-4G, HBK-4H, HBK-4J, HBK-4P, HBK-4SP',1,1746,'red.png','admin',20),('ozawa','3rdworld','',2800,22301846,'CN9-A, CN9-D, CN9-AL, CN9-YLW, AS7-D, AS7-D-DC, AS7-K, AS7-RS, AS7-BH, CPLT-C1, CPLT-C4, CPLT-A1, CPLT-K2, CPLT-J, CTF-IM, CTF-3D, CTF-1X, CTF-2X, CTF-4X',0,2260,'lava.png','davion',27),('pandora','canuck307','',1490,9279478,'QKD-4H, QKD-4G, QKD-5K, CPLT-C1, CPLT-C4, CPLT-A1, CPLT-K2, CPLT-J, JM6-FB, JM6-A, JM6-DD, JM6-S',0,1260,'dark.png','davion',27),('peacock','crazyhorse','',1720,11750544,'AS7-D, AS7-D-DC, AS7-K, AS7-RS, AS7-BH, CPLT-C1, CPLT-C4, CPLT-A1, CPLT-K2, CPLT-J, HGN-732, HGN-733, HGN-733C, HGN-733P, HGN-HM',0,2955,'earth.png','kurita',27),('phact','krazypoloc','No ECM',3900,17836280,'BJ-1, BJ-1DC, BJ-1X, BJ-3, ON1-PR, ON1-K, ON1-M, ON1-V, ON1-VA, LCT-1V, LCT-3M, LCT-3S, CTF-IM, CTF-3D, CTF-1X, CTF-2X, CTF-4X',0,1800,'forest.png','liao',22),('port moseby','dankith','',1760,15501750,'TDR-5S, TDR-5SS, TDR-9SE, ON1-PR, ON1-K, ON1-M, ON1-V, ON1-VA, COM-DK, COM-1D, COM-1B, COM-3A, COM-2D',0,1649,'gas.png','lyran',21),('radstadt','dankith','',1100,10200000,'SHD-2D2, SHD-2H, SHD-5M, CPLT-C1, CPLT-C4, CPLT-A1, CPLT-K2, CPLT-J',1,2330,'earth.png','frr',17),('remulac','krazypoloc','',3274,18418551,'AS7-D, AS7-D-DC, AS7-K, AS7-RS, AS7-BH, BLR-1D, BLR-1G, BLR-1S, LCT-1V, LCT-3M, LCT-3S, AWS-PB, AWS-8Q, AWS-8T, AWS-8V, AWS-9M, AWS-8R, SDR-5D, SDR-5K, SDR-5V, dropship16, dropship28',0,1420,'dark.png','marik',17),('robinson','multitallented','No ECM',3100,0,'HBK-4G, HBK-4H, HBK-4J, HBK-4P, HBK-4SP, QKD-4H, QKD-4G, QKD-5K, HGN-732, HGN-733, HGN-733C, HGN-733P, HGN-HM, VTR-DS, VTR-9S, VTR-9K, VTR-9B',1,3170,'red.png','davion',16),('ryde','gman129','',2100,20498296,'JR7-D, JR7-F, JR7-K, AS7-D, AS7-D-DC, AS7-K, AS7-RS, AS7-BH, BLR-1D, BLR-1G, BLR-1S, CDA-X5, CDA-2A, CDA-2B, CDA-3C, CDA-3M, dropship16',0,1576,'forest.png','lyran',26),('sakhalin','blackwindlancers','',3940,6229370,'JR7-F, JR7-K, JR7-D, RVN-3L, RVN-2X, RVN-4X, CPLT-K2, CPLT-J, CPLT-A1, CPLT-C1, CPLT-C4, TDR-5S, TDR-5SS, TDR-9SE',0,2370,'earth.png','liao',26),('salem','aylward','No PPCs',4150,9883678,'STK-3H, STK-3F, STK-4N, STK-5S, STK-5M, STK-M, JM6-S, JM6-A, JM6-DD, JM6-FB, CN9-A, CN9-D, CN9-AL, CN9-YLW, SDR-5D, SDR-5V, SDR-5K',0,3400,'lava.png','davion',27),('saravan','hrunting','',1605,10838298,'LCT-1V, LCT-3M, LCT-3S, JM6-S, JM6-A, JM6-DD, JM6-FB, CPLT-K2, CPLT-J, CPLT-A1, CPLT-C1, CPLT-C4, dropship16',0,350,'dark.png','lyran',18),('scudder','aylward','No Jump Jets',3550,11728822,'HGN-732, HGN-733P, HGN-733, HGN-733C, HGN-HM, LCT-3M, LCT-1V, LCT-3S, CDA-3M, CDA-2A, CDA-3C, CDA-2B, CDA-X5',0,3240,'blue.png','davion',26),('second try','Unowned','',3740,14829767,'VTR-9S, VTR-9B, VTR-9K, VTR-DS, QKD-4H, QKD-4G, QKD-5K, HBK-4H, HBK-4G, HBK-4J, HBK-4SP, HBK-4P, dropship16',0,2200,'lava.png','davion',17),('senftenberg','deadfire','No Jump Jets',2725,10392900,'SDR-5D, SDR-5K, SDR-5V, STK-5M, STK-4N, STK-5S, STK-3F, STK-M, STK-3H, QKD-4H, QKD-4G, QKD-5K',0,500,'lava.png','lyran',25),('shiloh','krazypoloc','',2954,14113888,'STK-M, STK-4N, STK-3H, STK-3F, STK-5M, STK-5S, QKD-4H, QKD-4G, QKD-5K, BLR-1D, BLR-1G, BLR-1S, AWS-PB, AWS-8Q, AWS-8T, AWS-8V, AWS-9M, AWS-8R, dropship16, dropship28',1,1152,'dark.png','marik',28),('shirotori','dankith','',1680,20184920,'CN9-A, CN9-D, CN9-AL, CN9-YLW, TDR-5S, TDR-5SS, TDR-9SE, AS7-D, AS7-D-DC, AS7-K, AS7-RS, AS7-BH, dropship16',0,2016,'earth.png','kurita',32),('shitara','3rdworld','No AMS',2288,8391560,'HGN-732, HGN-733, HGN-733C, HGN-733P, HGN-HM, AS7-D, AS7-D-DC, AS7-K, AS7-RS, AS7-BH, QKD-4H, QKD-4G, QKD-5K, KTO-18, KTO-19, KTO-BOY, KTO-20',0,1908,'lava.png','kurita',25),('skye','deadfire','',2536,9400000,'QKD-4H, QKD-4G, QKD-5K, SHD-2D2, SHD-2H, SHD-5M, LCT-1V, LCT-3M, LCT-3S',1,1450,'blue.png','lyran',20),('smolnik','hrunting','',2000,15802893,'CN9-D, CN9-A, CN9-AL, CN8-YLW, HGN-733C, HGN-733, HGN-732, HGN-HM, HGN-733P',0,475,'blue.png','lyran',28),('solaris','multitallented','',2990,0,'ON1-PR, ON1-K, ON1-M, ON1-V, ON1-VA, HBK-4G, HBK-4H, HBK-4J, HBK-4P, HBK-4SP, BLR-1D, BLR-1G, BLR-1S, KTO-18, KTO-19, KTO-BOY, KTO-20, dropship16, dropship28',1,992,'gas.png','lyran',28),('sonnia','3rdworld','',3220,23912971,'BJ-1, BJ-1DC, BJ-1X, BJ-3, CN9-A, CN9-D, CN9-AL, CN9-YLW, LCT-1V, LCT-3M, LCT-3S, dropship16, dropship28',0,2600,'earth.png','davion',24),('spittal','dankith','',950,17572646,'BJ-1, BJ-1DC, BJ-1X, BJ-3, CPLT-C1, CPLT-C4, CPLT-A1, CPLT-K2, CPLT-J, dropship16, dropship28',0,2620,'gas.png','frr',20),('st ives','blackwindlancers','',4450,400000,'RVN-3L, RVN-2X, RVN-4X, CN9-A, CN9-D, CN9-AL, CN9-YLW, LCT-3M, LCT-1V, LCT-3S, HGN-732, HGN-733, HGN-733C, HGN-733P, HGN-HM, dropship16, dropship28',1,2600,'earth.png','liao',31),('stewart','krazypoloc','',3460,22132001,'HGN-732, HGN-733, HGN-733C, HGN-733P, HGN-HM, CN9-A, CN9-D, CN9-AL, CN9-YLW, HBK-4G, HBK-4H, HBK-4J, HBK-4P, HBK-4SP, CDA-X5, CDA-2A, CDA-2B, CDA-3C, CDA-3M',0,951,'earth.png','marik',15),('summer','krazypoloc','',2796,14804554,'SHD-2D2, SHD-2H, SHD-5M, BJ-1, BJ-1DC, BJ-1X, BJ-3, HGN-732, HGN-733, HGN-733C, HGN-733P, HGN-HM, dropship16',0,1500,'blue.png','lyran',31),('summit','canuck307','',1620,12370617,'TDR-5S, TDR-5SS, TDR-9SE, JR7-D, JR7-F, JR7-K, STK-M, STK-4N, STK-3H, STK-3F, STK-5M, STK-5S, CTF-IM, CTF-3D, CTF-1X, CTF-2X, CTF-4X',0,980,'lava.png','davion',20),('sutama','crazyhorse','',2220,16349105,'JR7-D, JR7-F, JR7-K, BJ-1, BJ-1DC, BJ-1X, BJ-3, KTO-18, KTO-19, KTO-BOY, KTO-20',0,2580,'gas.png','kurita',24),('tamar','multitallented','',1100,0,'CPLT-C1, CPLT-C4, CPLT-A1, CPLT-K2, CPLT-J, STK-M, STK-4N, STK-3H, STK-3F, STK-5M, STK-5S, BLR-1D, BLR-1G, BLR-1S, KTO-18, KTO-19, KTO-BOY, KTO-20',1,1810,'earth.png','davion',27),('terra','multitallented','',2968,0,'HGN-732, HGN-733, HGN-733C, HGN-733P, HGN-HM, STK-M, STK-4N, STK-3H, STK-3F, STK-5M, STK-5S, CN9-A, CN9-D, CN9-AL, CN9-YLW',1,1786,'earth.png','admin',31),('tharkad','hrunting','',1810,8192974,'COM-1D, COM-DK, COM-2D, COM-1B, COM-3A, CDA-2A, CDA-2B, CDA-3C, CDA-3M, CDA-X5, AS7-D-DC, AS7-D, AS7-BH, AS7-RS, AS7-K, dropship16, dropship28',1,422,'earth.png','lyran',17),('thessalonika','vas79','',1143,16338290,'CPLT-C1, CPLT-C4, CPLT-A1, CPLT-K2, CPLT-J, JR7-D, JR7-F, JR7-K, KTO-18, KTO-19, KTO-BOY, KTO-20, dropship16, dropship28',0,2690,'lava.png','kurita',25),('tikonov','Unowned','No PPCs',3200,17207419,'ON1-PR, ON1-K, ON1-M, ON1-V, ON1-VA, STK-M, STK-4N, STK-3H, STK-3F, STK-5M, STK-5S, VTR-DS, VTR-9S, VTR-9K, VTR-9B, dropship16, dropship28',0,2440,'earth.png','davion',30),('toland','antares','',290,8665360,'QKD-4H, QKD-4G, QKD-5K, BLR-1D, BLR-1G, BLR-1S, CN9-A, CN9-D, CN9-AL, CN9-YLW, KTO-18, KTO-19, KTO-BOY, KTO-20',0,1110,'blue.png','davion',26),('tortuga prime','cef command','',3600,6597168,'HBK-4G, HBK-4H, HBK-4J, HBK-4P, HBK-4SP, CPLT-C1, CPLT-C4, CPLT-A1, CPLT-K2, CPLT-J, dropship16',0,3700,'dark.png','pirate',28),('trent','deadfire','',2275,16765493,'HGN-732, HGN-733, HGN-733C, HGN-733P, HGN-HM, ON1-PR, ON1-K, ON1-M, ON1-V, ON1-VA, STK-M, STK-4N, STK-3H, STK-3F, STK-5M, STK-5S, dropship16, dropship28',0,880,'lava.png','lyran',14),('tripoli','cef command','',2750,9901876,'QKD-4H, QKD-4G, QKD-5K, ON1-PR, ON1-K, ON1-M, ON1-V, ON1-VA, DGN-FA, DGN-FL, DGN-1C, DGN-1N, DGN-5N, dropship16',0,3070,'lava.png','kurita',14),('tukayyid','dankith','Max total tonnage of 650 per team',1540,17108296,'STK-M, STK-4N, STK-3H, STK-3F, STK-5M, STK-5S, BLR-1D, BLR-1G, BLR-1S, DGN-FA, DGN-FL, DGN-1C, DGN-1N, DGN-5N',0,1950,'forest.png','frr',16),('unzmarkt','khavi vetali','',710,12885602,'JR7-D, JR7-F, JR7-K, CN9-A, CN9-D, CN9-AL, CN9-YLW, BLR-1D, BLR-1G, BLR-1S, DGN-FA, DGN-FL, DGN-1C, DGN-1N, DGN-5N',0,1960,'earth.png','frr',29),('upano','hrunting','',1580,12182930,'HBK-4H, HBK-4J, HBK-4P, HBK-4G, HBK-4SP, CTF-3D, CTF-1X, CTF-2X, CTF-IM, CTF-4X, STK-3H, STK-3F, STK-4N, STK-5S, STK-5M',0,630,'desert.png','lyran',20),('valmiera','crazyhorse','No ECM',2260,6534619,'JR7-D, JR7-F, JR7-K, ON1-PR, ON1-K, ON1-M, ON1-V, ON1-VA, BJ-1, BJ-1DC, BJ-1X, BJ-3',0,3410,'earth.png','kurita',21),('vantaa','antares','',775,13947588,'ON1-PR, ON1-K, ON1-M, ON1-V, ON1-VA, STK-M, STK-4N, STK-3H, STK-3F, STK-5M, STK-5S, CN9-A, CN9-D, CN9-AL, CN9-YLW',0,1170,'forest.png','davion',29),('veckholm','hrunting','',1920,9750737,'ON1-PR, ON1-K, ON1-M, ON1-V, ON1-VA, CPLT-C1, CPLT-C4, CPLT-A1, CPLT-K2, CPLT-J, KTO-18, KTO-19, KTO-BOY, KTO-20',0,1020,'forest.png','lyran',23),('vega','gman129','Max total tonnage of 550 per team',2030,9214528,'HBK-4G, HBK-4H, HBK-4J, HBK-4P, HBK-4SP, BLR-1D, BLR-1G, BLR-1S, JR7-D, JR7-F, JR7-K, RVN-3L, RVN-2X, RVN-4X',0,1680,'red.png','kurita',15),('vestallas','blackwindlancers','Max total tonnage of 650 per team',4500,9694688,'SHD-2D2, SHD-5M, SHD-2H, CDA-2A, CDA-2B, CDA-3M, CDA-3C, CDA-X5, BLR-1G, BLR-1D, BLR-1S',0,2330,'dark.png','liao',34),('waddesdon','Unowned','',2500,19014105,'SHD-2D2, SHD-2H, SHD-5M, STK-M, STK-4N, STK-3H, STK-3F, STK-5M, STK-5S, RVN-3L, RVN-2X, RVN-4X, SDR-5D, SDR-5V, SDR-5K',0,2490,'lava.png','kurita',18),('winfield','antares','',470,13748288,'TDR-5S, TDR-5SS, TDR-9SE, BLR-1D, BLR-1G, BLR-1S, JM6-FB, JM6-A, JM6-DD, JM6-S, dropship16',0,1090,'desert.png','davion',30),('woodstock','krazypoloc','No Light mechs',3200,14831066,'BLR-1D, BLR-1G, BLR-1S, SHD-2D2, SHD-2H, SHD-5M, HBK-4G, HBK-4H, HBK-4J, HBK-4P, HBK-4SP, CDA-X5, CDA-2A, CDA-2B, CDA-3C, CDA-3M, dropship16',0,2150,'forest.png','davion',19),('zoetermeer','antares','',1006,8105457,'LCT-1V, LCT-3M, LCT-3S, TDR-5S, TDR-5SS, TDR-9SE, VTR-DS, VTR-9S, VTR-9K, VTR-9B',0,1120,'desert.png','davion',22);
/*!40000 ALTER TABLE `planet` ENABLE KEYS */;
UNLOCK TABLES;

--
-- Table structure for table `roster`
--

DROP TABLE IF EXISTS `roster`;
/*!40101 SET @saved_cs_client     = @@character_set_client */;
/*!40101 SET character_set_client = utf8 */;
CREATE TABLE `roster` (
  `unit_leader` varchar(25) DEFAULT NULL,
  `url` varchar(500) DEFAULT NULL
) ENGINE=InnoDB DEFAULT CHARSET=latin1;
/*!40101 SET character_set_client = @saved_cs_client */;

--
-- Dumping data for table `roster`
--

LOCK TABLES `roster` WRITE;
/*!40000 ALTER TABLE `roster` DISABLE KEYS */;
INSERT INTO `roster` VALUES ('krazypoloc','http://mwomercs.com/forums/user/388147-krazypoloc/'),('krazypoloc','http://mwomercs.com/forums/user/336823-thaddios/'),('krazypoloc','http://mwomercs.com/forums/user/52551-lex420/'),('krazypoloc','http://mwomercs.com/forums/user/212293-smitbag/'),('krazypoloc','http://mwomercs.com/forums/user/435061-pdxmatt/'),('krazypoloc','http://mwomercs.com/forums/user/129057-timbar/'),('krazypoloc','http://mwomercs.com/forums/user/17634-filth-pig/'),('krazypoloc','http://mwomercs.com/forums/user/179760-elahen/'),('vas79','http://mwomercs.com/forums/user/111737-vas79/'),('vas79','http://mwomercs.com/forums/user/446681-dr-lemonsquare/'),('vas79','http://mwomercs.com/forums/user/19302-nodebate/'),('vas79','http://mwomercs.com/forums/user/61002-troggy/'),('vas79','http://mwomercs.com/forums/user/402206-auspride/'),('vas79','http://mwomercs.com/forums/user/130711-jackalhit/'),('vas79','http://mwomercs.com/forums/user/175385-gauss-dam/'),('vas79','http://mwomercs.com/forums/user/517712-dirtdiver1776/'),('mech79','http://mwomercs.com/forums/user/86690-mech79/'),('mech79','http://mwomercs.com/forums/user/48539-noonan/'),('mech79','http://mwomercs.com/forums/user/49384-werewolf486/'),('mech79','http://mwomercs.com/forums/user/29197-c0vvb3ll/'),('mech79','http://mwomercs.com/forums/user/945-miscreant/'),('mech79','http://mwomercs.com/forums/user/41297-immelmann/'),('mech79','http://mwomercs.com/forums/user/2875-phantom411/'),('mech79','http://mwomercs.com/forums/user/21249-darkblood/'),('greyghosts','http://mwomercs.com/forums/user/128714-woky/'),('greyghosts','http://mwomercs.com/forums/user/1306-shadow_x/'),('greyghosts','http://mwomercs.com/forums/user/18922-wynce/'),('greyghosts','http://mwomercs.com/forums/user/90791-omegawraith/'),('greyghosts','http://mwomercs.com/forums/user/8993-batwing/'),('greyghosts','http://mwomercs.com/forums/user/255087-diabolus-vulpes/'),('greyghosts','http://mwomercs.com/forums/user/403330-ashes42/'),('greyghosts','http://mwomercs.com/forums/user/187393-vanos/'),('dankith','http://mwomercs.com/forums/user/188531-dankith/'),('dankith','http://mwomercs.com/forums/user/316248-n-danger/'),('dankith','http://mwomercs.com/forums/user/426749-johnny-redburn/'),('dankith','http://mwomercs.com/forums/user/456678-gurrenx/'),('dankith','http://mwomercs.com/forums/user/420062-wip3ou7/'),('dankith','http://mwomercs.com/forums/user/389007-lysander-voidrunner/'),('dankith','http://mwomercs.com/forums/user/434620-xeff/'),('dankith','http://mwomercs.com/forums/user/187135-vulix/'),('cef command','http://mwomercs.com/forums/user/30394-william-mcnab/'),('cef command','http://mwomercs.com/forums/user/406276-nomadiccanuck/'),('cef command','http://mwomercs.com/forums/user/439430-phoenix-woot/'),('cef command','http://mwomercs.com/forums/user/33203-wob-particleman/'),('cef command','http://mwomercs.com/forums/user/3365-arwdassain/'),('cef command','http://mwomercs.com/forums/user/425533-sylintfrog/'),('cef command','http://cdnsmall.mwomercs.com/forums/user/107788-dark-fury/'),('cef command','http://mwomercs.com/forums/user/7350-trex/'),('deadfire','http://mwomercs.com/forums/user/53438-deadfire/'),('deadfire','http://mwomercs.com/forums/user/385072-vercinix/'),('deadfire','http://mwomercs.com/forums/user/10313-queenblade/'),('deadfire','http://mwomercs.com/forums/user/450767-grim57/'),('deadfire','http://mwomercs.com/forums/user/17203-r13/'),('deadfire','http://mwomercs.com/forums/user/388064-defunked/'),('deadfire','http://mwomercs.com/forums/user/290130-pikachar/'),('deadfire','http://mwomercs.com/forums/user/34199-rez-kalamari/'),('crazyhorse','http://mwomercs.com/forums/user/7967-crazyhorse/'),('crazyhorse','http://mwomercs.com/forums/user/19144-caballo/'),('crazyhorse','http://mwomercs.com/forums/user/440766-skrunjen/'),('crazyhorse','http://mwomercs.com/forums/user/434481-gusano/'),('crazyhorse','http://mwomercs.com/forums/user/96161-hyoga/'),('crazyhorse','http://mwomercs.com/forums/user/273614-god-and-davion/'),('crazyhorse','http://mwomercs.com/forums/user/273015-z3ro/'),('crazyhorse','http://mwomercs.com/forums/user/468609-khayron/'),('3rdworld','http://mwomercs.com/forums/user/49989-3rdworld/'),('3rdworld','http://mwomercs.com/forums/user/457681-caervyn/'),('3rdworld','http://mwomercs.com/forums/user/261601-antonius-rex/'),('3rdworld','http://mwomercs.com/forums/user/62040-imminent/'),('3rdworld','http://mwomercs.com/forums/user/198935-araara/'),('3rdworld','http://mwomercs.com/forums/user/71476-black-alexidor/'),('3rdworld','http://mwomercs.com/forums/user/440214-twinkyoverlord/'),('3rdworld','http://mwomercs.com/forums/user/131576-captain-terrific/'),('khavi vetali','http://mwomercs.com/forums/user/156422-khavi-vetali/'),('khavi vetali','http://mwomercs.com/forums/user/24304-lord-banshee/'),('khavi vetali','http://mwomercs.com/forums/user/366012-jordash/'),('khavi vetali','http://mwomercs.com/forums/user/128899-blast-tyrant/'),('khavi vetali','http://mwomercs.com/forums/user/309864-tranan/'),('khavi vetali','http://mwomercs.com/forums/user/87055-shakespeare/'),('khavi vetali','http://mwomercs.com/forums/user/31540-variable/'),('khavi vetali','http://mwomercs.com/forums/user/59327-grrzoot/'),('canuck307','http://mwomercs.com/forums/user/249645-canuck307/'),('canuck307','UBCSlayer'),('canuck307','DCM Zeus'),('canuck307','Blud Knite'),('canuck307','Gote 1000'),('canuck307','Motorbreath'),('canuck307','Weebi'),('canuck307','Fetal_Infection'),('antares','http://mwomercs.com/forums/user/445093-pisceszero/'),('antares','http://mwomercs.com/forums/user/160085-multitallented/'),('antares','http://mwomercs.com/forums/user/362335-avatarofwhat/'),('antares','http://mwomercs.com/forums/user/96389-mcharg/'),('antares','http://mwomercs.com/forums/user/274124-psikez/'),('antares','http://mwomercs.com/forums/user/212031-icebabe11/'),('antares','http://mwomercs.com/forums/user/418386-judge-redeemer/'),('antares','http://mwomercs.com/forums/user/149392-karl-split/'),('hrunting','http://mwomercs.com/forums/user/76485-hrunting/'),('hrunting','http://mwomercs.com/forums/user/101225-yerdead/'),('hrunting','http://mwomercs.com/forums/user/163798-parduke/'),('hrunting','http://mwomercs.com/forums/user/109343-hercu1/'),('hrunting','http://mwomercs.com/forums/user/250958-supernobody/'),('hrunting','http://mwomercs.com/forums/user/271148-poptart81/'),('hrunting','http://mwomercs.com/forums/user/396374-thatrobotguy/'),('hrunting','http://mwomercs.com/forums/user/438488-chopy/'),('gman129','http://mwomercs.com/forums/user/147124-gman129/'),('gman129','http://mwomercs.com/forums/user/46857-spunkmeyer/'),('gman129','http://mwomercs.com/forums/user/83262-twotime/'),('gman129','http://mwomercs.com/forums/user/226137-subterfuge3927/'),('gman129','http://mwomercs.com/forums/user/366622-jsarrakis/'),('gman129','http://mwomercs.com/forums/user/418861-btothebop/'),('gman129','http://mwomercs.com/forums/user/109092-wakamaka/'),('gman129','http://mwomercs.com/forums/user/182511-sirlagsalot/'),('m4rti','http://mwomercs.com/forums/user/173977-m4rti/'),('m4rti','http://mwomercs.com/forums/user/194138-darkhuntress/'),('m4rti','http://mwomercs.com/forums/user/173533-atradie/'),('m4rti','http://mwomercs.com/forums/user/260183-attero/'),('m4rti','http://mwomercs.com/forums/user/291636-blis/'),('m4rti','http://mwomercs.com/forums/user/231439-camie/'),('m4rti','http://mwomercs.com/forums/user/403693-huovi/'),('m4rti','http://mwomercs.com/forums/user/489381-oggi86/'),('blackstoneknights','http://mwomercs.com/forums/user/98407-sir-trent-howell/'),('blackstoneknights','http://mwomercs.com/forums/user/180576-xander-grey/'),('blackstoneknights','http://mwomercs.com/forums/user/406705-doones/'),('blackstoneknights','http://mwomercs.com/forums/user/98280-blackie-flawless/'),('blackstoneknights','http://mwomercs.com/forums/user/448372-phaedrusv/'),('blackstoneknights','http://mwomercs.com/forums/user/21824-black-templar/'),('blackstoneknights','http://mwomercs.com/forums/user/123369-blackfire87/'),('blackstoneknights','http://mwomercs.com/forums/user/32633-xiphias/'),('aylward','http://mwomercs.com/forums/user/3486-aylward/'),('aylward','Iron'),('aylward','Angus'),('aylward','C u j o'),('aylward','Fantastic Ergo'),('aylward','Straker'),('aylward','TalkPolite'),('aylward','Varrin Coursca'),('blackwindlancers','http://mwomercs.com/forums/user/450767-grim57/'),('blackwindlancers','http://mwomercs.com/forums/user/388064-defunked/'),('blackwindlancers','http://mwomercs.com/forums/user/34199-rez-kalamari/'),('blackwindlancers','http://mwomercs.com/forums/user/472356-kylewithasmile/'),('blackwindlancers','http://mwomercs.com/forums/user/231060-kageru-ikazuchi/'),('blackwindlancers','http://mwomercs.com/forums/user/314731-thefoxyshortbus/'),('blackwindlancers','http://mwomercs.com/forums/user/449353-bigsheist/'),('blackwindlancers','http://mwomercs.com/forums/user/75179-legendary357/');
/*!40000 ALTER TABLE `roster` ENABLE KEYS */;
UNLOCK TABLES;

--
-- Table structure for table `user`
--

DROP TABLE IF EXISTS `user`;
/*!40101 SET @saved_cs_client     = @@character_set_client */;
/*!40101 SET character_set_client = utf8 */;
CREATE TABLE `user` (
  `username` varchar(25) NOT NULL,
  `password` varchar(500) DEFAULT NULL,
  `cbills` int(20) DEFAULT NULL,
  `admin` tinyint(1) NOT NULL DEFAULT '0',
  `wins` int(11) NOT NULL DEFAULT '0',
  `loses` int(11) NOT NULL DEFAULT '0',
  `unit_type` varchar(20) NOT NULL DEFAULT 'merc',
  `unit_name` varchar(50) NOT NULL,
  `is_dead` tinyint(1) NOT NULL DEFAULT '0',
  `approved` tinyint(1) NOT NULL DEFAULT '0',
  `kills` int(11) NOT NULL DEFAULT '0',
  `last_login` timestamp NULL DEFAULT '0000-00-00 00:00:00',
  `last_cbill_gift` timestamp NOT NULL DEFAULT '0000-00-00 00:00:00',
  `bio` varchar(10000) DEFAULT NULL,
  `email` varchar(200) DEFAULT NULL,
  PRIMARY KEY (`username`)
) ENGINE=InnoDB DEFAULT CHARSET=latin1;
/*!40101 SET character_set_client = @saved_cs_client */;

--
-- Dumping data for table `user`
--

LOCK TABLES `user` WRITE;
/*!40000 ALTER TABLE `user` DISABLE KEYS */;
INSERT INTO `user` VALUES ('3rdworld','073cdf44e4a62f9158f448aec45b2db2',198867842,0,3,0,'faction','Sword of Kentares',0,1,0,'2013-11-07 00:24:27','2013-11-06 18:03:34','','3rdworlds@gmail.com'),('antares','c849840b980ddb21fcf4ce0c257ce931',-2422834,0,2,1,'clan','Antares Scorpions',0,1,12,'2013-11-06 14:50:45','2013-11-06 14:50:45','Antares Scorpions Teamspeak: <a href=\"#\">antares-scorpions.typefrag.com</a><br><br>Contacts:<br><a href=\"http://mwomercs.com/forums/user/445093-pisceszero/\">Piceszero</a><br><a href=\"http://mwomercs.com/forums/user/362335-avatarofwhat/\">AvatarOfWhat</a><br><br><img src=\"http://antaresscorpions.co.uk/wp-content/uploads/2012/09/dredd.jpg\" />','multitallented@gmail.com'),('aylward','831b62fe88bbb10333c4b5dcd47119fd',13110283,0,0,0,'faction','1st HeadHunters of Davion RCT',0,1,0,'2013-11-06 14:49:10','2013-11-06 12:44:11','','aylward@hhod.com'),('blackstoneknights','6da495ccce6077d4ef935fbb4e3f548f',143051746,0,0,0,'merc','Blackstone Knights',0,1,0,'2013-11-07 00:55:53','2013-11-07 00:55:53','We accept the following contracts:<br>http://www.blackstoneknights.org/contracts/','bskcommand@gmail.com'),('blackwindlancers','c9297f7510fed1ee3572e38dbd817ea5',807042587,0,0,0,'faction','Black Wind Lancers',0,1,0,'2013-11-07 00:24:38','2013-11-06 07:03:21','','2ndlegion@228ibr.com'),('canuck307','7e7316c9c362f3ae26e84bf9194473d2',21984613,0,0,2,'merc','Luna Wolves',0,1,0,'2013-11-06 01:43:35','2013-11-06 01:43:35','Contacts:<br><br>Zaharial: Lt. (Drop commander)<br><br>http://mwomercs.com/forums/user/145538-zahariel/<br><br>http://lunawolves.enjin.com/profile/6035380<br><br>Canuck: Major<br><br>http://mwomercs.com/forums/user/249645-canuck307/<br><br>http://lunawolves.enjin.com/profile/3133032<br><br><br>',''),('cef command','22588bf8d5eaff86f0eda0287677c9e2',13677675,0,0,0,'pirate','Canadian Expeditionary Force',0,1,0,'2013-11-06 04:45:40','2013-11-06 02:25:24','CEF TeamSpeak contact;<br><br>ts.cefmwo.com<br><br>PW: Guest','command.cefmwo@gmail.com'),('crazyhorse','d428d6d72f8cdfd888c64eb915f101dc',40846244,0,0,0,'merc','Red Shadows',0,1,0,'2013-11-06 23:39:38','2013-11-06 21:01:20','',''),('dankith','0c03567817d07360407578afae787e38',57422307,0,0,2,'faction','Carrion Crows',0,1,0,'2013-11-06 21:44:00','2013-11-06 21:44:00','','nicklend@yahoo.com'),('deadfire','6da8da7f1a0b5a9972a736afe51424f7',81633610,0,4,0,'pirate','228th Independent Battlemech Regiment',0,1,0,'2013-11-06 23:28:39','2013-11-06 03:59:36','<img src=\"http://www.deadfiredesigns.com/228ibr/logom.png\"/><br><br><a href=&#8203;\"http:&#8203;/&#8203;/&#8203;www.228ibr.com\">&#8203;228th IBR&#8203;</a>&#8203;','admin@228ibr.com'),('gman129','f2725873768f8ac7e9126ff09d3e7e91',14016533,0,0,1,'merc','cReddit Cerberus',0,1,0,'2013-11-06 21:49:38','2013-11-06 21:49:38','','gman129mwo@gmail.com'),('greyghosts','7a091b49a858181ad1730eb98b185bcc',3656489,0,0,2,'merc','Grey Ghosts',0,1,0,'2013-11-06 21:04:40','2013-11-06 17:26:32','','ryanw.814@hotmail.com'),('hrunting','0001d2e4212990e166c573d488dd8482',498950738,0,0,1,'faction','10th Skye Rangers',0,1,0,'2013-11-06 21:45:13','2013-11-06 05:08:16','','hruntinggamer@gmail.com'),('khavi vetali','c978ec94a3b39483dcb6eb1d05a00077',80659680,0,1,0,'merc','Night Watch',0,1,0,'2013-11-06 23:39:37','2013-11-06 16:03:28','For Diplomacy and Contracting contact:<br><br><a href=\"http://mwomercs.com/forums/user/156422-khavi-vetali/\">Khavi Vetali</a><br><a href=\"http://mwomercs.com/forums/user/59327-grrzoot/\">Grrzoot</a><br><br><img src=\"http://i738.photobucket.com/albums/xx23/khavi01/Services-Adx2-820-black_zpscba6581e.png\" border=\"0\" alt=\" photo Services-Adx2-820-black_zpscba6581e.png\"/><br>','gvettel@gmail.com'),('krazypoloc','a14f05900148cc0748b64ac2f7f31b07',82014030,0,0,1,'faction','25th Marik Militia',0,1,0,'2013-11-06 07:42:19','2013-11-06 06:09:54','<img src=\"url\" /><br><a href=\"http://www.25thmarikmilitia.com/\"><img src=\"http://www.25thmarikmilitia.com/Themes/Black_Ops_2/images/theme/bg_body.jpg\" /></a>','nexon420@gmail.com'),('m4rti','b2b32a068b91f3672061e4a4d1b34899',350500000,0,0,0,'merc','25th Skye Rangers',0,1,0,'2013-11-03 18:35:09','2013-11-03 18:35:09','','a.marterer@live.de'),('mech79','c977c0cb1b0a8cc1e069235a504dd892',4459500,0,0,1,'merc','Crimson Death Commandos',0,1,0,'2013-11-06 07:09:09','2013-11-06 07:09:09','','rylandb79@yahoo.com'),('multitallented','d1678b77a1e66888d5e6d01c388afb63',1298698027,1,0,0,'admin','ComStar',0,1,0,'2013-11-06 23:33:54','2013-11-06 16:33:41','I am the admin of this league and I am also a member of KaoS Legion. I have years of experience with being an admin in an exploit/bug rich environment.<br><br>I am a very relaxed, patient guy and I run the league in the same way. I try to fix things as quickly as possible and be as helpful as I can.<br><br>My primary concern is the success of Mechwarrior Online, and I hope that this league helps in that way.','multitallented@pacbell.net'),('ngng','7ed596da521c2586e5a6b4f677946bab',15000000,1,0,0,'admin','NGNG',0,1,0,'2013-10-30 23:09:25','2013-10-30 02:49:09','','bombadil@nogutsnogalaxy.net'),('vas79','5ddbce6b034c842c7d86a5ac82a5b7d3',14818483,0,3,1,'pirate','Apocalypse Lancers',0,1,0,'2013-11-06 17:17:44','2013-11-05 20:05:27','','b.crowston@hotmail.com'),('werewolf','cb22fc435de2e160dd2de186f1d08a67',15000000,1,0,0,'admin','ComStar',0,1,0,'2013-10-25 06:23:58','2013-10-25 06:23:58','','');
/*!40000 ALTER TABLE `user` ENABLE KEYS */;
UNLOCK TABLES;
/*!40103 SET TIME_ZONE=@OLD_TIME_ZONE */;

/*!40101 SET SQL_MODE=@OLD_SQL_MODE */;
/*!40014 SET FOREIGN_KEY_CHECKS=@OLD_FOREIGN_KEY_CHECKS */;
/*!40014 SET UNIQUE_CHECKS=@OLD_UNIQUE_CHECKS */;
/*!40101 SET CHARACTER_SET_CLIENT=@OLD_CHARACTER_SET_CLIENT */;
/*!40101 SET CHARACTER_SET_RESULTS=@OLD_CHARACTER_SET_RESULTS */;
/*!40101 SET COLLATION_CONNECTION=@OLD_COLLATION_CONNECTION */;
/*!40111 SET SQL_NOTES=@OLD_SQL_NOTES */;

-- Dump completed on 2013-11-06 19:02:48
